datasetX,datasetY,correlation,pValue,n
FP.CPI.TOTL.ZG,2.01.01.02.nabase,-0.0243319214192387,0.748223017990924,118
FP.CPI.TOTL.ZG,2.01.03.01.prcpbase,-0.0376690081727827,0.619242407282864,118
FP.CPI.TOTL.ZG,2.04.01.01.excncpt,0.041170852190517,0.587047058986383,118
FP.CPI.TOTL.ZG,2.1_PRE.PRIMARY.GER,0.545454545454545,0.0137707681978516,12
FP.CPI.TOTL.ZG,2.2_GIR,-0.0192628532132355,0.936254216358079,11
FP.CPI.TOTL.ZG,2.5_PCR,0.0256410256410256,0.952361907960866,13
FP.CPI.TOTL.ZG,3.01.04.01.agcen,0.0262883662645011,0.728747221736016,118
FP.CPI.TOTL.ZG,3.02.01.02.fscov,0.0913980577680645,0.227929127185355,118
FP.CPI.TOTL.ZG,3.11.01.01.popcen,0.0388884418355185,0.607943668770977,118
FP.CPI.TOTL.ZG,3.11.01.03.popreg,-0.154899584238535,0.0410114862794002,118
FP.CPI.TOTL.ZG,3.2_PRI.STUDENTS,0.256410256410256,0.251857610303791,13
FP.CPI.TOTL.ZG,3.3_PRI.TEACHERS,0.164835164835165,0.450563013306689,14
FP.CPI.TOTL.ZG,5.01.01.01.indust,-0.0514482973176999,0.497328718356457,118
FP.CPI.TOTL.ZG,5.04.01.01.exdebt,0.103371029039947,0.172675764072225,118
FP.CPI.TOTL.ZG,5.04.01.02.impexp,0.0365347479861636,0.629833412912129,118
FP.CPI.TOTL.ZG,5.12.01.01.unesco,-0.0357273683151181,0.637419022177185,118
FP.CPI.TOTL.ZG,5.13.01.01.hlthsurv,0.205315701770931,0.00429427981579189,118
FP.CPI.TOTL.ZG,5.13.01.01.who,0.0432618178111212,0.568200368442346,118
FP.CPI.TOTL.ZG,5.14.01.01.povsurv,0.132550474282364,0.0682704075814011,118
FP.CPI.TOTL.ZG,5.1_TOTAL.EDU.AID,0.27536231884058,0.0623210773400416,24
FP.CPI.TOTL.ZG,5.21.01.01.sdds,-0.0548599914171607,0.469246611595663,118
FP.CPI.TOTL.ZG,5.2_BASIC.EDU.AID,0.199414347205373,0.23395283347059,19
FP.CPI.TOTL.ZG,5.51.01.01.poverty,0.100346774425506,0.149501906805153,118
FP.CPI.TOTL.ZG,5.51.01.02.malnut,0.286430864980887,3.75776332353084e-05,118
FP.CPI.TOTL.ZG,5.51.01.03.mortal,0.067876269827609,0.370565631745196,118
FP.CPI.TOTL.ZG,5.51.01.04.immun,0.067876269827609,0.370565631745196,118
FP.CPI.TOTL.ZG,5.51.01.05.hiv,0.22366188309224,0.00317243010169355,118
FP.CPI.TOTL.ZG,5.51.01.06.matern,-0.100005377269827,0.164418745970632,118
FP.CPI.TOTL.ZG,5.51.01.07.gender,-0.0580586909257483,0.409500019102574,118
FP.CPI.TOTL.ZG,5.51.01.08.primcomp,-0.0199102531304224,0.779516430620995,118
FP.CPI.TOTL.ZG,5.51.01.09.water,0.107467211262788,0.156280540911685,118
FP.CPI.TOTL.ZG,5.51.01.10.gdp,-0.096004135651844,0.202825193927758,118
FP.CPI.TOTL.ZG,7.13_CURR.ALLOCATION.DISB,0.353596556870291,0.0793504289663685,14
FP.CPI.TOTL.ZG,Availability,0.128396119668488,0.0381632370595588,124
FP.CPI.TOTL.ZG,BNCABFUNDCD_,-0.0763533768294833,0.243767814552616,107
FP.CPI.TOTL.ZG,CM.MKT.INDX.ZG,-0.182151182151182,0.0182733358946163,78
FP.CPI.TOTL.ZG,Collection,0.0935809449931686,0.149705854964021,124
FP.CPI.TOTL.ZG,CPTOTSAXN,0.677458702467824,0,165
FP.CPI.TOTL.ZG,CPTOTSAXNZGY,0.974844795613964,0,158
FP.CPI.TOTL.ZG,DMGSRMRCHSACD,-0.117405587319472,0.109570566373078,86
FP.CPI.TOTL.ZG,DMGSRMRCHSAKD,-0.172590369274857,0.0217566457388842,82
FP.CPI.TOTL.ZG,DMGSRMRCHSAXD,0.0774211331220235,0.208012287627602,121
FP.CPI.TOTL.ZG,DPANUSLCU,0.302173381898429,1.34090445413904e-08,163
FP.CPI.TOTL.ZG,DPANUSSPB,0.305276553128814,9.56482937297665e-09,163
FP.CPI.TOTL.ZG,DPANUSSPF,0.241346087655942,6.73682968210798e-06,159
FP.CPI.TOTL.ZG,DSTKMKTXD,-0.0792566304537764,0.366876226931588,61
FP.CPI.TOTL.ZG,DSTKMKTXN,0.209302325581395,0.048694390628474,43
FP.CPI.TOTL.ZG,DT.AMT.BLAT.CD,0.154192839478512,0.0159999554590873,112
FP.CPI.TOTL.ZG,DT.AMT.DLXF.CD,0.103937739833,0.0997435743827308,115
FP.CPI.TOTL.ZG,DT.AMT.DPNG.CD,-0.0507553127457792,0.531671889318996,71
FP.CPI.TOTL.ZG,DT.AMT.MLAT.CD,0.0969169820762919,0.124806459859254,115
FP.CPI.TOTL.ZG,DT.AMT.OFFT.CD,0.13049451917359,0.0387636591988301,115
FP.CPI.TOTL.ZG,DT.AMT.PBND.CD,0.175470079270601,0.146059296770705,34
FP.CPI.TOTL.ZG,DT.AMT.PCBK.CD,0.199703648752671,0.0118870302262,74
FP.CPI.TOTL.ZG,DT.AMT.PROP.CD,0.0972696599806338,0.237605440527803,69
FP.CPI.TOTL.ZG,DT.AMT.PRVT.CD,0.163077866981039,0.028211566753102,84
FP.CPI.TOTL.ZG,DT.DIS.BLAT.CD,0.184078794766927,0.00438323268408136,110
FP.CPI.TOTL.ZG,DT.DIS.DLXF.CD,0.160764229942553,0.0112565706712424,114
FP.CPI.TOTL.ZG,DT.DIS.MLAT.CD,0.115886058898256,0.0702246041906747,112
FP.CPI.TOTL.ZG,DT.DIS.OFFT.CD,0.165424062694511,0.00910466286683476,114
FP.CPI.TOTL.ZG,DT.DIS.PCBK.CD,0.0896976381088917,0.299263670654207,63
FP.CPI.TOTL.ZG,DT.DIS.PROP.CD,-0.0195828171626184,0.842827314667046,49
FP.CPI.TOTL.ZG,DT.DIS.PRVT.CD,0.165529070493359,0.0444565655149181,69
FP.CPI.TOTL.ZG,DT.INT.BLAT.CD,0.159521607875364,0.0119018869411809,114
FP.CPI.TOTL.ZG,DT.INT.DLXF.CD,0.104548240507496,0.097769062004647,115
FP.CPI.TOTL.ZG,DT.INT.DPNG.CD,-0.034660080462446,0.664726221669992,73
FP.CPI.TOTL.ZG,DT.INT.MLAT.CD,0.106379742530985,0.0920323969905676,115
FP.CPI.TOTL.ZG,DT.INT.OFFT.CD,0.132020770859831,0.0365407274735339,115
FP.CPI.TOTL.ZG,DT.INT.PBND.CD,0.0748526240313471,0.386481817672603,63
FP.CPI.TOTL.ZG,DT.INT.PCBK.CD,0.167827772731916,0.027661981474679,80
FP.CPI.TOTL.ZG,DT.INT.PROP.CD,0.0841276708365964,0.303388740099907,70
FP.CPI.TOTL.ZG,DT.INT.PRVT.CD,0.0906647359982002,0.203398501039445,91
FP.CPI.TOTL.ZG,DXGSRMRCHSACD,-0.0443652217059747,0.51100893758719,101
FP.CPI.TOTL.ZG,DXGSRMRCHSAKD,-0.155835244354718,0.0261246234507835,94
FP.CPI.TOTL.ZG,DXGSRMRCHSAXD,-0.00267242266803815,0.96264072491796,140
FP.CPI.TOTL.ZG,EMBI,0.0662993544131796,0.742183910290894,14
FP.CPI.TOTL.ZG,EN.BIR.THRD.NO,0.305364331219402,1.6105089928331e-08,160
FP.CPI.TOTL.ZG,EN.FSH.THRD.NO,0.0890865527187266,0.0968212652673761,160
FP.CPI.TOTL.ZG,EN.HPT.THRD.NO,0.143668478581135,0.00776900553997972,160
FP.CPI.TOTL.ZG,EN.MAM.THRD.NO,0.253851630240937,2.84940209338558e-06,160
FP.CPI.TOTL.ZG,EN.URB.LCTY,0.032486930545183,0.625039699345319,104
FP.CPI.TOTL.ZG,EN.URB.LCTY.UR.ZS,0.0526625310529123,0.372722945030735,131
FP.CPI.TOTL.ZG,EN.URB.MCTY,0.0910652920962199,0.186347964976776,97
FP.CPI.TOTL.ZG,EN.URB.MCTY.TL.ZS,-0.107919343174977,0.0820842016647799,119
FP.CPI.TOTL.ZG,FB.AST.NPER.ZS,-0.0133387115752032,0.834854272982085,113
FP.CPI.TOTL.ZG,FB.BNK.CAPA.ZS,0.223073800624135,0.000657013455023669,108
FP.CPI.TOTL.ZG,FP.CPI.TOTL,0.617080745341615,0,161
FP.CPI.TOTL.ZG,FP.CPI.TOTL.ZG,1,0,192
FP.CPI.TOTL.ZG,IC.BUS.DISC.XQ,-0.0984700054170979,0.0519295376624457,190
FP.CPI.TOTL.ZG,IC.BUS.EASE.XQ,0.280579569967706,9.18255960158376e-09,190
FP.CPI.TOTL.ZG,IC.CRD.INFO.XQ,0.0296870108412059,0.567676007794388,190
FP.CPI.TOTL.ZG,IC.CRD.PRVT.ZS,-0.0853979931323641,0.0970115021639755,190
FP.CPI.TOTL.ZG,IC.CRD.PUBL.ZS,0.0209245862406362,0.68805055044434,190
FP.CPI.TOTL.ZG,IC.ELC.TIME,0.138364708323232,0.004704526833329,190
FP.CPI.TOTL.ZG,IC.EXP.COST.CD,0.184784450745245,0.000156588214775155,190
FP.CPI.TOTL.ZG,IC.EXP.DOCS,0.374516756342153,2.22488694134881e-13,190
FP.CPI.TOTL.ZG,IC.EXP.DURS,0.321244650984485,8.00737254280648e-11,190
FP.CPI.TOTL.ZG,IC.IMP.COST.CD,0.187836384631325,0.00012147351647851,190
FP.CPI.TOTL.ZG,IC.IMP.DOCS,0.391669079477114,1.11022302462516e-14,190
FP.CPI.TOTL.ZG,IC.IMP.DURS,0.369829343139857,6.15063555642337e-14,190
FP.CPI.TOTL.ZG,IC.ISV.DURS,0.145376437238317,0.00446343187365228,179
FP.CPI.TOTL.ZG,IC.LGL.CRED.XQ,-0.217701878534662,1.91782930222016e-05,190
FP.CPI.TOTL.ZG,IC.LGL.DURS,0.0842862879706145,0.0846772330694734,190
FP.CPI.TOTL.ZG,IC.LGL.PROC,0.137577831369237,0.00549264275409467,190
FP.CPI.TOTL.ZG,IC.PRP.DURS,0.124552219788441,0.0111358793061556,189
FP.CPI.TOTL.ZG,IC.PRP.PROC,0.142687600094904,0.0052349282858255,189
FP.CPI.TOTL.ZG,IC.REG.COST.PC.ZS,0.167536444325866,0.000613516756192034,190
FP.CPI.TOTL.ZG,IC.REG.DURS,0.102452289021126,0.0370440041455056,190
FP.CPI.TOTL.ZG,IC.REG.PROC,0.179627671376494,0.000355658934594105,190
FP.CPI.TOTL.ZG,IC.TAX.DURS,0.208441499849488,2.01588782879902e-05,190
FP.CPI.TOTL.ZG,IC.TAX.LABR.CP.ZS,-0.0822601553157405,0.0929877611917584,190
FP.CPI.TOTL.ZG,IC.TAX.OTHR.CP.ZS,0.142734779317845,0.00363667876505303,190
FP.CPI.TOTL.ZG,IC.TAX.PAYM,0.199062196960057,5.24668504171544e-05,190
FP.CPI.TOTL.ZG,IC.TAX.PRFT.CP.ZS,0.0737783995330865,0.131686547063702,190
FP.CPI.TOTL.ZG,IC.TAX.TOTL.CP.ZS,0.0322265900373569,0.509552694284031,190
FP.CPI.TOTL.ZG,IC.WRH.DURS,0.131980295533171,0.00709311390277456,189
FP.CPI.TOTL.ZG,IC.WRH.PROC,0.214401236307644,1.82726172801573e-05,189
FP.CPI.TOTL.ZG,IPTOTSAKD,0.103972417902912,0.149197761885027,89
FP.CPI.TOTL.ZG,IQ.WEF.CUST.XQ,-0.38778946302762,4.51006622897892e-13,162
FP.CPI.TOTL.ZG,IQ.WEF.PORT.XQ,-0.350047989911522,5.61636391884535e-11,162
FP.CPI.TOTL.ZG,IRSPREAD,0.218771150478917,0.050014874108363,39
FP.CPI.TOTL.ZG,IS.SHP.GCNW.XQ,0.0852347233149751,0.160358472587803,124
FP.CPI.TOTL.ZG,IT.NET.SECR,-0.136480381237262,0.00513073706920565,191
FP.CPI.TOTL.ZG,IT.NET.SECR.P6,-0.380117484472369,5.95830917807515e-15,191
FP.CPI.TOTL.ZG,MS.MIL.MPRT.KD,0.105354704037638,0.0849132289831072,123
FP.CPI.TOTL.ZG,MS.MIL.XPRT.KD,-0.126104646867157,0.164712600969519,58
FP.CPI.TOTL.ZG,NEER,-0.315808756182451,1.80958967749092e-06,105
FP.CPI.TOTL.ZG,NYGDPMKTPKDZ,0.231169433988998,0.000194955058903545,119
FP.CPI.TOTL.ZG,PA.NUS.FCRF,0.243263138922436,3.54986283539471e-05,133
FP.CPI.TOTL.ZG,Practice,0.0360094864565566,0.574764238799331,124
FP.CPI.TOTL.ZG,REER,0.114113014490836,0.0845229519146642,105
FP.CPI.TOTL.ZG,SE.COM.DURS,-0.246871255771664,0.0395933324027941,38
FP.CPI.TOTL.ZG,SE.PRM.AGES,0.124690072336939,0.0477125720440934,158
FP.CPI.TOTL.ZG,SE.PRM.DURS,-0.0931105559522071,0.099690596144893,188
FP.CPI.TOTL.ZG,SE.SEC.AGES,-0.0154273820588448,0.799984305116723,158
FP.CPI.TOTL.ZG,SE.SEC.DURS,0.00241327621839326,0.965395948069768,188
FP.CPI.TOTL.ZG,SE.SEC.DURS.LO,0.0556847540702758,0.366697749116832,159
FP.CPI.TOTL.ZG,SE.SEC.DURS.UP,-0.0653828493195012,0.285555138837282,159
FP.CPI.TOTL.ZG,SG.GEN.PARL.ZS,-0.00481101785800382,0.923076368669132,183
FP.CPI.TOTL.ZG,SH.MMR.DTHS,0.293262744554759,4.49991288675733e-09,183
FP.CPI.TOTL.ZG,SH.MMR.RISK,-0.322878180030859,9.58669068029039e-11,183
FP.CPI.TOTL.ZG,SH.MMR.RISK.ZS,0.321908179799048,1.00033759053986e-10,183
FP.CPI.TOTL.ZG,SH.STA.DIAB.ZS,-0.034256398940865,0.48202206525856,191
FP.CPI.TOTL.ZG,SH.STA.MMRT,0.319884578714629,1.58621116241875e-10,183
FP.CPI.TOTL.ZG,SN.ITK.DFCT,0.167802308648097,0.00603304755576684,123
FP.CPI.TOTL.ZG,SP.POP.0305.FE.UN,0.23673711909006,1.31742753628483e-05,154
FP.CPI.TOTL.ZG,SP.POP.0305.MA.UN,0.234530175706646,1.58471693905149e-05,154
FP.CPI.TOTL.ZG,SP.POP.0305.TO.UN,0.235888294711824,1.41469820480467e-05,154
FP.CPI.TOTL.ZG,SP.POP.0406.FE.UN,0.23554876496053,1.45549315471172e-05,154
FP.CPI.TOTL.ZG,SP.POP.0406.MA.UN,0.234699940582294,1.56244572280251e-05,154
FP.CPI.TOTL.ZG,SP.POP.0406.TO.UN,0.234699940582294,1.56244572280251e-05,154
FP.CPI.TOTL.ZG,SP.POP.0509.FE.UN,0.234360410830999,1.60729056974951e-05,154
FP.CPI.TOTL.ZG,SP.POP.0509.MA.UN,0.232323232323232,1.90322364885809e-05,154
FP.CPI.TOTL.ZG,SP.POP.0509.TO.UN,0.234020881079705,1.65336065316435e-05,154
FP.CPI.TOTL.ZG,SP.POP.0510.FE.UN,0.233172056701469,1.7741057082743e-05,154
FP.CPI.TOTL.ZG,SP.POP.0510.MA.UN,0.23249299719888,1.87670444593557e-05,154
FP.CPI.TOTL.ZG,SP.POP.0510.TO.UN,0.233511586452763,1.72483248972455e-05,154
FP.CPI.TOTL.ZG,SP.POP.0511.FE.UN,0.23368135132841,1.70068760039221e-05,154
FP.CPI.TOTL.ZG,SP.POP.0511.MA.UN,0.231569118667045,2.02699276785623e-05,154
FP.CPI.TOTL.ZG,SP.POP.0511.TO.UN,0.23368135132841,1.70068760039221e-05,154
FP.CPI.TOTL.ZG,SP.POP.0609.FE.UN,0.233002291825821,1.79924242909024e-05,154
FP.CPI.TOTL.ZG,SP.POP.0609.MA.UN,0.23249299719888,1.87670444593557e-05,154
FP.CPI.TOTL.ZG,SP.POP.0609.TO.UN,0.233341821577116,1.74930380205662e-05,154
FP.CPI.TOTL.ZG,SP.POP.0610.FE.UN,0.233341821577116,1.74930380205662e-05,154
FP.CPI.TOTL.ZG,SP.POP.0610.MA.UN,0.231474407944996,2.04126138576566e-05,154
FP.CPI.TOTL.ZG,SP.POP.0610.TO.UN,0.233511586452763,1.72483248972455e-05,154
FP.CPI.TOTL.ZG,SP.POP.0611.FE.UN,0.233851116204057,1.67686501248987e-05,154
FP.CPI.TOTL.ZG,SP.POP.0611.MA.UN,0.230965113318055,2.12860544941407e-05,154
FP.CPI.TOTL.ZG,SP.POP.0611.TO.UN,0.232832526950174,1.82471823568786e-05,154
FP.CPI.TOTL.ZG,SP.POP.0612.FE.UN,0.233341821577116,1.74930380205662e-05,154
FP.CPI.TOTL.ZG,SP.POP.0612.MA.UN,0.231644172820643,2.01291289949612e-05,154
FP.CPI.TOTL.ZG,SP.POP.0612.TO.UN,0.232323232323232,1.90322364885809e-05,154
FP.CPI.TOTL.ZG,SP.POP.0709.FE.UN,0.233172056701469,1.7741057082743e-05,154
FP.CPI.TOTL.ZG,SP.POP.0709.MA.UN,0.231644172820643,2.01291289949612e-05,154
FP.CPI.TOTL.ZG,SP.POP.0709.TO.UN,0.233511586452763,1.72483248972455e-05,154
FP.CPI.TOTL.ZG,SP.POP.0710.FE.UN,0.233511586452763,1.72483248972455e-05,154
FP.CPI.TOTL.ZG,SP.POP.0710.MA.UN,0.23062558356676,2.18879910789394e-05,154
FP.CPI.TOTL.ZG,SP.POP.0710.TO.UN,0.232662762074527,1.85053745009878e-05,154
FP.CPI.TOTL.ZG,SP.POP.0711.FE.UN,0.233002291825821,1.79924242909024e-05,154
FP.CPI.TOTL.ZG,SP.POP.0711.MA.UN,0.231474407944996,2.04126138576566e-05,154
FP.CPI.TOTL.ZG,SP.POP.0711.TO.UN,0.23249299719888,1.87670444593557e-05,154
FP.CPI.TOTL.ZG,SP.POP.0712.FE.UN,0.233002291825821,1.79924242909024e-05,154
FP.CPI.TOTL.ZG,SP.POP.0712.MA.UN,0.232153467447585,1.93009953717294e-05,154
FP.CPI.TOTL.ZG,SP.POP.0712.TO.UN,0.232662762074527,1.85053745009878e-05,154
FP.CPI.TOTL.ZG,SP.POP.0713.FE.UN,0.23368135132841,1.70068760039221e-05,154
FP.CPI.TOTL.ZG,SP.POP.0713.MA.UN,0.231134878193702,2.09910282582548e-05,154
FP.CPI.TOTL.ZG,SP.POP.0713.TO.UN,0.233002291825821,1.79924242909024e-05,154
FP.CPI.TOTL.ZG,SP.POP.1014.FE.UN,0.23249299719888,1.87670444593557e-05,154
FP.CPI.TOTL.ZG,SP.POP.1014.MA.UN,0.229531853693435,2.3957622229398e-05,154
FP.CPI.TOTL.ZG,SP.POP.1014.TO.UN,0.231304643069349,2.06998975904593e-05,154
FP.CPI.TOTL.ZG,SP.POP.1015.FE.UN,0.232662762074527,1.85053745009878e-05,154
FP.CPI.TOTL.ZG,SP.POP.1015.MA.UN,0.229267464561582,2.44616909950146e-05,154
FP.CPI.TOTL.ZG,SP.POP.1015.TO.UN,0.231134878193702,2.09910282582548e-05,154
FP.CPI.TOTL.ZG,SP.POP.1016.FE.UN,0.232248206991582,1.91657185828475e-05,154
FP.CPI.TOTL.ZG,SP.POP.1016.MA.UN,0.229097699685935,2.48029469989142e-05,154
FP.CPI.TOTL.ZG,SP.POP.1016.TO.UN,0.23062558356676,2.18879910789394e-05,154
FP.CPI.TOTL.ZG,SP.POP.1017.FE.UN,0.231304643069349,2.06998975904593e-05,154
FP.CPI.TOTL.ZG,SP.POP.1017.MA.UN,0.228248875307699,2.65782555892713e-05,154
FP.CPI.TOTL.ZG,SP.POP.1017.TO.UN,0.229946524064171,2.3140815418321e-05,154
FP.CPI.TOTL.ZG,SP.POP.1018.FE.UN,0.231134878193702,2.09910282582548e-05,154
FP.CPI.TOTL.ZG,SP.POP.1018.MA.UN,0.227060521178168,2.92676983595364e-05,154
FP.CPI.TOTL.ZG,SP.POP.1018.TO.UN,0.228758169934641,2.54990929300369e-05,154
FP.CPI.TOTL.ZG,SP.POP.1115.FE.UN,0.231983702571938,1.95733664243303e-05,154
FP.CPI.TOTL.ZG,SP.POP.1115.MA.UN,0.229097699685935,2.48029469989142e-05,154
FP.CPI.TOTL.ZG,SP.POP.1115.TO.UN,0.230795348442407,2.15850255051997e-05,154
FP.CPI.TOTL.ZG,SP.POP.1116.FE.UN,0.230795348442407,2.15850255051997e-05,154
FP.CPI.TOTL.ZG,SP.POP.1116.MA.UN,0.228418640183346,2.62137980713284e-05,154
FP.CPI.TOTL.ZG,SP.POP.1116.TO.UN,0.229946524064171,2.3140815418321e-05,154
FP.CPI.TOTL.ZG,SP.POP.1117.FE.UN,0.231644172820643,2.01291289949612e-05,154
FP.CPI.TOTL.ZG,SP.POP.1117.MA.UN,0.227909345556404,2.73216769446361e-05,154
FP.CPI.TOTL.ZG,SP.POP.1117.TO.UN,0.228758169934641,2.54990929300369e-05,154
FP.CPI.TOTL.ZG,SP.POP.1118.FE.UN,0.229776759188524,2.34645213754714e-05,154
FP.CPI.TOTL.ZG,SP.POP.1118.MA.UN,0.227909345556404,2.73216769446361e-05,154
FP.CPI.TOTL.ZG,SP.POP.1118.TO.UN,0.228248875307699,2.65782555892713e-05,154
FP.CPI.TOTL.ZG,SP.POP.1215.FE.UN,0.230795348442407,2.15850255051997e-05,154
FP.CPI.TOTL.ZG,SP.POP.1215.MA.UN,0.229097699685935,2.48029469989142e-05,154
FP.CPI.TOTL.ZG,SP.POP.1215.TO.UN,0.229776759188524,2.34645213754714e-05,154
FP.CPI.TOTL.ZG,SP.POP.1216.FE.UN,0.230795348442407,2.15850255051997e-05,154
FP.CPI.TOTL.ZG,SP.POP.1216.MA.UN,0.227739580680757,2.77007614220004e-05,154
FP.CPI.TOTL.ZG,SP.POP.1216.TO.UN,0.228927934810288,2.51487287770136e-05,154
FP.CPI.TOTL.ZG,SP.POP.1217.FE.UN,0.230116288939818,2.28213618895801e-05,154
FP.CPI.TOTL.ZG,SP.POP.1217.MA.UN,0.227739580680757,2.77007614220004e-05,154
FP.CPI.TOTL.ZG,SP.POP.1217.TO.UN,0.228758169934641,2.54990929300369e-05,154
FP.CPI.TOTL.ZG,SP.POP.1218.FE.UN,0.228588405058993,2.5854096718847e-05,154
FP.CPI.TOTL.ZG,SP.POP.1218.MA.UN,0.226720991426874,3.00824131409527e-05,154
FP.CPI.TOTL.ZG,SP.POP.1218.TO.UN,0.22756981580511,2.80848433600323e-05,154
FP.CPI.TOTL.ZG,SP.POP.1316.FE.UN,0.229946524064171,2.3140815418321e-05,154
FP.CPI.TOTL.ZG,SP.POP.1316.MA.UN,0.22756981580511,2.80848433600323e-05,154
FP.CPI.TOTL.ZG,SP.POP.1316.TO.UN,0.228418640183346,2.62137980713284e-05,154
FP.CPI.TOTL.ZG,SP.POP.1317.FE.UN,0.229437229437229,2.4124904817624e-05,154
FP.CPI.TOTL.ZG,SP.POP.1317.MA.UN,0.227060521178168,2.92676983595364e-05,154
FP.CPI.TOTL.ZG,SP.POP.1317.TO.UN,0.22756981580511,2.80848433600323e-05,154
FP.CPI.TOTL.ZG,SP.POP.1318.FE.UN,0.228248875307699,2.65782555892713e-05,154
FP.CPI.TOTL.ZG,SP.POP.1318.MA.UN,0.227060521178168,2.92676983595364e-05,154
FP.CPI.TOTL.ZG,SP.POP.1318.TO.UN,0.228079110432052,2.69475285563647e-05,154
FP.CPI.TOTL.ZG,SP.POP.1319.FE.UN,0.227909345556404,2.73216769446361e-05,154
FP.CPI.TOTL.ZG,SP.POP.1319.MA.UN,0.226381461675579,3.09186522111649e-05,154
FP.CPI.TOTL.ZG,SP.POP.1319.TO.UN,0.227230286053816,2.88682486651037e-05,154
FP.CPI.TOTL.ZG,SP.POP.1418.FE.UN,0.228248875307699,2.65782555892713e-05,154
FP.CPI.TOTL.ZG,SP.POP.1418.MA.UN,0.22570240217299,3.26578561526958e-05,154
FP.CPI.TOTL.ZG,SP.POP.1418.TO.UN,0.226381461675579,3.09186522111649e-05,154
FP.CPI.TOTL.ZG,SP.POP.1419.FE.UN,0.227230286053816,2.88682486651037e-05,154
FP.CPI.TOTL.ZG,SP.POP.1419.MA.UN,0.226041931924285,3.17769507109933e-05,154
FP.CPI.TOTL.ZG,SP.POP.1419.TO.UN,0.226890756302521,2.96723981840774e-05,154
FP.CPI.TOTL.ZG,SP.POP.1524.FE.UN,0.221628045157457,4.5209424232695e-05,154
FP.CPI.TOTL.ZG,SP.POP.1524.MA.UN,0.221288515406163,4.6440169482187e-05,154
FP.CPI.TOTL.ZG,SP.POP.1524.TO.UN,0.22145828028181,4.58208783375991e-05,154
FP.CPI.TOTL.ZG,SP.POP.AG00.FE.IN,0.254362638513651,1.89123269400682e-06,160
FP.CPI.TOTL.ZG,SP.POP.AG00.FE.UN,0.241830065359477,8.5500463142818e-06,154
FP.CPI.TOTL.ZG,SP.POP.AG00.MA.IN,0.252040878284637,2.3852351902498e-06,160
FP.CPI.TOTL.ZG,SP.POP.AG00.MA.UN,0.241320770732535,8.93118622080635e-06,154
FP.CPI.TOTL.ZG,SP.POP.AG00.TO.UN,0.241320770732535,8.93118622080635e-06,154
FP.CPI.TOTL.ZG,SP.POP.AG01.FE.IN,0.253666369034938,2.0481251807869e-06,160
FP.CPI.TOTL.ZG,SP.POP.AG01.FE.UN,0.240302181478652,9.74272767417794e-06,154
FP.CPI.TOTL.ZG,SP.POP.AG01.MA.IN,0.252385184194247,2.30061289063777e-06,160
FP.CPI.TOTL.ZG,SP.POP.AG01.MA.UN,0.239453357100416,1.04723656551009e-05,154
FP.CPI.TOTL.ZG,SP.POP.AG01.TO.UN,0.240302181478652,9.74272767417794e-06,154
FP.CPI.TOTL.ZG,SP.POP.AG02.FE.IN,0.252838130738962,2.20304139175731e-06,160
FP.CPI.TOTL.ZG,SP.POP.AG02.FE.UN,0.238434767846533,1.14168836968798e-05,154
FP.CPI.TOTL.ZG,SP.POP.AG02.MA.IN,0.252307310338601,2.33370857638526e-06,160
FP.CPI.TOTL.ZG,SP.POP.AG02.MA.UN,0.237246413717002,1.26216373628196e-05,154
FP.CPI.TOTL.ZG,SP.POP.AG02.TO.UN,0.236567354214413,1.33635635242157e-05,154
FP.CPI.TOTL.ZG,SP.POP.AG03.FE.IN,0.252465002407562,2.30006934720528e-06,160
FP.CPI.TOTL.ZG,SP.POP.AG03.FE.UN,0.237416178592649,1.2442392129941e-05,154
FP.CPI.TOTL.ZG,SP.POP.AG03.MA.IN,0.252118836580691,2.35183376862125e-06,160
FP.CPI.TOTL.ZG,SP.POP.AG03.MA.UN,0.235888294711824,1.41469820480467e-05,154
FP.CPI.TOTL.ZG,SP.POP.AG03.TO.UN,0.23673711909006,1.31742753628483e-05,154
FP.CPI.TOTL.ZG,SP.POP.AG04.FE.IN,0.250877670380661,2.64074231859368e-06,160
FP.CPI.TOTL.ZG,SP.POP.AG04.FE.UN,0.236567354214413,1.33635635242157e-05,154
FP.CPI.TOTL.ZG,SP.POP.AG04.MA.IN,0.250759667660751,2.67897000649775e-06,160
FP.CPI.TOTL.ZG,SP.POP.AG04.MA.UN,0.234530175706646,1.58471693905149e-05,154
FP.CPI.TOTL.ZG,SP.POP.AG04.TO.UN,0.236058059587471,1.39471194848806e-05,154
FP.CPI.TOTL.ZG,SP.POP.AG05.FE.IN,0.249882656880284,2.90003292491292e-06,160
FP.CPI.TOTL.ZG,SP.POP.AG05.FE.UN,0.235643648614266,1.4451557245998e-05,154
FP.CPI.TOTL.ZG,SP.POP.AG05.MA.IN,0.24836500861456,3.34643294963577e-06,160
FP.CPI.TOTL.ZG,SP.POP.AG05.MA.UN,0.234869705457941,1.540473084094e-05,154
FP.CPI.TOTL.ZG,SP.POP.AG05.TO.UN,0.234699940582294,1.56244572280251e-05,154
FP.CPI.TOTL.ZG,SP.POP.AG06.FE.UN,0.234964560289729,1.5295609321786e-05,154
FP.CPI.TOTL.ZG,SP.POP.AG06.MA.UN,0.233002291825821,1.79924242909024e-05,154
FP.CPI.TOTL.ZG,SP.POP.AG06.TO.UN,0.234699940582294,1.56244572280251e-05,154
FP.CPI.TOTL.ZG,SP.POP.AG07.FE.UN,0.234020881079705,1.65336065316435e-05,154
FP.CPI.TOTL.ZG,SP.POP.AG07.MA.UN,0.23249299719888,1.87670444593557e-05,154
FP.CPI.TOTL.ZG,SP.POP.AG07.TO.UN,0.233851116204057,1.67686501248987e-05,154
FP.CPI.TOTL.ZG,SP.POP.AG08.FE.UN,0.233172056701469,1.7741057082743e-05,154
FP.CPI.TOTL.ZG,SP.POP.AG08.MA.UN,0.231474407944996,2.04126138576566e-05,154
FP.CPI.TOTL.ZG,SP.POP.AG08.TO.UN,0.233511586452763,1.72483248972455e-05,154
FP.CPI.TOTL.ZG,SP.POP.AG09.FE.UN,0.232832526950174,1.82471823568786e-05,154
FP.CPI.TOTL.ZG,SP.POP.AG09.MA.UN,0.231134878193702,2.09910282582548e-05,154
FP.CPI.TOTL.ZG,SP.POP.AG09.TO.UN,0.23249299719888,1.87670444593557e-05,154
FP.CPI.TOTL.ZG,SP.POP.AG10.FE.UN,0.232832526950174,1.82471823568786e-05,154
FP.CPI.TOTL.ZG,SP.POP.AG10.MA.UN,0.231134878193702,2.09910282582548e-05,154
FP.CPI.TOTL.ZG,SP.POP.AG10.TO.UN,0.232153467447585,1.93009953717294e-05,154
FP.CPI.TOTL.ZG,SP.POP.AG11.FE.UN,0.231644172820643,2.01291289949612e-05,154
FP.CPI.TOTL.ZG,SP.POP.AG11.MA.UN,0.229776759188524,2.34645213754714e-05,154
FP.CPI.TOTL.ZG,SP.POP.AG11.TO.UN,0.231304643069349,2.06998975904593e-05,154
FP.CPI.TOTL.ZG,SP.POP.AG12.FE.UN,0.232417979072716,1.88987543887631e-05,154
FP.CPI.TOTL.ZG,SP.POP.AG12.MA.UN,0.228927934810288,2.51487287770136e-05,154
FP.CPI.TOTL.ZG,SP.POP.AG12.TO.UN,0.23062558356676,2.18879910789394e-05,154
FP.CPI.TOTL.ZG,SP.POP.AG13.FE.UN,0.231644172820643,2.01291289949612e-05,154
FP.CPI.TOTL.ZG,SP.POP.AG13.MA.UN,0.228588405058993,2.5854096718847e-05,154
FP.CPI.TOTL.ZG,SP.POP.AG13.TO.UN,0.230286053815466,2.25061080041389e-05,154
FP.CPI.TOTL.ZG,SP.POP.AG14.FE.UN,0.230455818691113,2.21950015895089e-05,154
FP.CPI.TOTL.ZG,SP.POP.AG14.MA.UN,0.227230286053816,2.88682486651037e-05,154
FP.CPI.TOTL.ZG,SP.POP.AG14.TO.UN,0.228927934810288,2.51487287770136e-05,154
FP.CPI.TOTL.ZG,SP.POP.AG15.FE.UN,0.229267464561582,2.44616909950146e-05,154
FP.CPI.TOTL.ZG,SP.POP.AG15.MA.UN,0.226890756302521,2.96723981840774e-05,154
FP.CPI.TOTL.ZG,SP.POP.AG15.TO.UN,0.22756981580511,2.80848433600323e-05,154
FP.CPI.TOTL.ZG,SP.POP.AG16.FE.UN,0.227909345556404,2.73216769446361e-05,154
FP.CPI.TOTL.ZG,SP.POP.AG16.MA.UN,0.225532637297343,3.3106961021101e-05,154
FP.CPI.TOTL.ZG,SP.POP.AG16.TO.UN,0.227230286053816,2.88682486651037e-05,154
FP.CPI.TOTL.ZG,SP.POP.AG17.FE.UN,0.226041931924285,3.17769507109933e-05,154
FP.CPI.TOTL.ZG,SP.POP.AG17.MA.UN,0.225193107546049,3.40228311657143e-05,154
FP.CPI.TOTL.ZG,SP.POP.AG17.TO.UN,0.225532637297343,3.3106961021101e-05,154
FP.CPI.TOTL.ZG,SP.POP.AG18.FE.UN,0.223325693913929,3.95059004532072e-05,154
FP.CPI.TOTL.ZG,SP.POP.AG18.MA.UN,0.22145828028181,4.58208783375991e-05,154
FP.CPI.TOTL.ZG,SP.POP.AG18.TO.UN,0.22264663441134,4.17001252068783e-05,154
FP.CPI.TOTL.ZG,SP.POP.AG19.FE.UN,0.222476869535693,4.22664802817163e-05,154
FP.CPI.TOTL.ZG,SP.POP.AG19.MA.UN,0.22145828028181,4.58208783375991e-05,154
FP.CPI.TOTL.ZG,SP.POP.AG19.TO.UN,0.221797810033104,4.460571388476e-05,154
FP.CPI.TOTL.ZG,SP.POP.AG20.FE.UN,0.222307104660046,4.28401279608526e-05,154
FP.CPI.TOTL.ZG,SP.POP.AG20.MA.UN,0.220439691027926,4.9657519197277e-05,154
FP.CPI.TOTL.ZG,SP.POP.AG20.TO.UN,0.220948985654868,4.77026412388781e-05,154
FP.CPI.TOTL.ZG,SP.POP.AG21.FE.UN,0.220948985654868,4.77026412388781e-05,154
FP.CPI.TOTL.ZG,SP.POP.AG21.MA.UN,0.217893217893218,6.06250145271936e-05,154
FP.CPI.TOTL.ZG,SP.POP.AG21.TO.UN,0.220439691027926,4.9657519197277e-05,154
FP.CPI.TOTL.ZG,SP.POP.AG22.FE.UN,0.218572277395807,5.74949465117491e-05,154
FP.CPI.TOTL.ZG,SP.POP.AG22.MA.UN,0.217893217893218,6.06250145271936e-05,154
FP.CPI.TOTL.ZG,SP.POP.AG22.TO.UN,0.217383923266276,6.30777278609607e-05,154
FP.CPI.TOTL.ZG,SP.POP.AG23.FE.UN,0.217044393514982,6.47647391003314e-05,154
FP.CPI.TOTL.ZG,SP.POP.AG23.MA.UN,0.214497920380273,7.88483818945362e-05,154
FP.CPI.TOTL.ZG,SP.POP.AG23.TO.UN,0.216025804261098,7.00856920239357e-05,154
FP.CPI.TOTL.ZG,SP.POP.AG24.FE.UN,0.214497920380273,7.88483818945362e-05,154
FP.CPI.TOTL.ZG,SP.POP.AG24.MA.UN,0.211442152618623,9.95723039842744e-05,154
FP.CPI.TOTL.ZG,SP.POP.AG24.TO.UN,0.211781682369918,9.70381435414502e-05,154
FP.CPI.TOTL.ZG,SP.POP.AG25.FE.UN,0.212045329336612,9.517574481821e-05,154
FP.CPI.TOTL.ZG,SP.POP.AG25.MA.UN,0.210932857991682,0.000103490961127051,154
FP.CPI.TOTL.ZG,SP.POP.AG25.TO.UN,0.21161191749427,9.82975140768616e-05,154
FP.CPI.TOTL.ZG,SP.PRE.TOTL.FE.IN,0.234183445190157,2.11332784219032e-05,150
FP.CPI.TOTL.ZG,SP.PRE.TOTL.IN,0.233109619686801,2.30524248301389e-05,150
FP.CPI.TOTL.ZG,SP.PRE.TOTL.MA.IN,0.234183445190157,2.11332784219032e-05,150
FP.CPI.TOTL.ZG,SP.PRM.GRAD.FE,0.261849261849262,3.21405032210897e-06,144
FP.CPI.TOTL.ZG,SP.PRM.GRAD.MA,0.257381507381507,4.71260765433357e-06,144
FP.CPI.TOTL.ZG,SP.PRM.GRAD.TO,0.258935508935509,4.128088053168e-06,144
FP.CPI.TOTL.ZG,SP.PRM.TOTL.FE.IN,0.263209013209013,2.8572180528208e-06,144
FP.CPI.TOTL.ZG,SP.PRM.TOTL.IN,0.261655011655012,3.26839116637778e-06,144
FP.CPI.TOTL.ZG,SP.PRM.TOTL.MA.IN,0.258547008547009,4.26733721603512e-06,144
FP.CPI.TOTL.ZG,SP.SEC.LTOT.FE.IN,0.239015659955257,1.42277268022628e-05,150
FP.CPI.TOTL.ZG,SP.SEC.LTOT.IN,0.237762863534676,1.57758259817786e-05,150
FP.CPI.TOTL.ZG,SP.SEC.LTOT.MA.IN,0.237225950782998,1.64873326591319e-05,150
FP.CPI.TOTL.ZG,SP.SEC.TOTL.FE.IN,0.226666666666667,3.85387193695408e-05,150
FP.CPI.TOTL.ZG,SP.SEC.TOTL.IN,0.225950782997763,4.07703407407922e-05,150
FP.CPI.TOTL.ZG,SP.SEC.TOTL.MA.IN,0.223803131991051,4.82241957531215e-05,150
FP.CPI.TOTL.ZG,SP.SEC.UTOT.FE.IN,0.212094806552806,0.000105475283013634,152
FP.CPI.TOTL.ZG,SP.SEC.UTOT.IN,0.211746253049843,0.000108271541069405,152
FP.CPI.TOTL.ZG,SP.SEC.UTOT.MA.IN,0.209751209296743,0.000125753805791939,152
FP.CPI.TOTL.ZG,SP.TER.TOTL.FE.IN,0.222566219470244,4.45058333338189e-05,153
FP.CPI.TOTL.ZG,SP.TER.TOTL.IN,0.220846233230134,5.09558640702235e-05,153
FP.CPI.TOTL.ZG,SP.TER.TOTL.MA.IN,0.217578259373925,6.57255975573534e-05,153
FP.CPI.TOTL.ZG,TOTRESV,0.0781024286489703,0.160468762613525,147
FP.CPI.TOTL.ZG,UIS.AY.EM,0.0782524382696297,0.176832034940554,160
FP.CPI.TOTL.ZG,UIS.AY.EY,NA,NA,160
FP.CPI.TOTL.ZG,UIS.AY.SM,-0.134053176205706,0.0230115334819379,160
FP.CPI.TOTL.ZG,UIS.AY.SY,0.175132771689182,0.00701269648052061,160
FP.CPI.TOTL.ZG,UIS.CEAGEE.1,-0.193125464957333,0.1126527705408,38
FP.CPI.TOTL.ZG,UIS.GAP.1,0.233682662254091,2.5040785061714e-05,148
FP.CPI.TOTL.ZG,UIS.GAP.1.F,0.235521235521236,2.16082225599212e-05,148
FP.CPI.TOTL.ZG,UIS.GAP.1.M,0.232498276503956,2.75429616267697e-05,148
FP.CPI.TOTL.ZG,UIS.OAPP.1,-0.0238704958013144,0.926130334330406,10
FP.CPI.TOTL.ZG,UIS.OAPP.1.F,-0.0238704958013144,0.926130334330406,10
FP.CPI.TOTL.ZG,UIS.OAPP.1.M,-0.0716114874039433,0.780902079952082,10
FP.CPI.TOTL.ZG,UIS.SAP.1.G1,0.261182070144342,3.40801113285494e-06,144
FP.CPI.TOTL.ZG,UIS.SAP.1.G1.F,0.263014763014763,2.9057596706572e-06,144
FP.CPI.TOTL.ZG,UIS.SAP.1.G1.M,0.261072261072261,3.43675160641155e-06,144
FP.CPI.TOTL.ZG,UIS.SAP.4,0.252112966398681,0.000217909414468975,99
FP.CPI.TOTL.ZG,UIS.SAP.4.F,0.252112966398681,0.000217909414468975,99
FP.CPI.TOTL.ZG,UIS.SAP.4.M,0.252112966398681,0.000217909414468975,99
FP.CPI.TOTL.ZG,VC.PKP.TOTL.UN,-0.422222222222222,0.108313492063492,10
