dataset,time
2.01.01.02.nabase,38.7275280952454
2.01.03.01.prcpbase,38.3532903194427
2.04.01.01.excncpt,32.6157970428467
2.1_PRE.PRIMARY.GER,30.8858993053436
2.2_GIR,31.1006550788879
2.3_GIR.GPI,29.524001121521
2.4_OOSC.RATE,1.86979866027832
2.5_PCR,31.3807218074799
2.6_PCR.GPI,29.6424610614777
2.7_PRI.SEC.TRANSITION.RATE,30.2935202121735
2.8_LOW.SEC.COMPLETION.RATE,29.7676057815552
3.01.04.01.agcen,39.368136882782
3.02.01.02.fscov,39.1555912494659
3.11.01.01.popcen,38.5444538593292
3.11.01.03.popreg,38.5822868347168
3.11_LOW.SEC.CLASSROOMS,1.90393352508545
3.12_LOW.SEC.NEW.CLASSROOMS,2.02468085289001
3.13_PRI.MATH.BOOK.PER.PUPIL,1.91617321968079
3.14_PRI.LANGU.BOOK.PER.PUPIL,2.00429129600525
3.1_LOW.SEC.NEW.TEACHERS,2.00771069526672
3.1_PRI.NEW.ENTRANTS,2.11484241485596
3.2_PRI.STUDENTS,31.3208582401276
3.3_PRI.TEACHERS,30.8968844413757
3.4_PRI.NEW.TEACHERS,29.9313147068024
3.5_PRI.CLASSROOMS,2.29795432090759
3.6_PRI.NEW.CLASSROOMS,29.6494028568268
3.7_LOW.SEC.NEW.ENTRANTS,1.95792317390442
3.8_LOW.SEC.STUDENTS,2.05070328712463
3.9_LOW.SEC.TEACHERS,29.4410116672516
4.1_TOTAL.EDU.SPENDING,2.01771998405457
4.2_BASIC.EDU.SPENDING,2.00931787490845
4.3_TOTAL.EDU.RECURRENT,2.03527069091797
4.4_BASIC.EDU.RECURRENT,29.7370369434357
5.01.01.01.indust,38.58376121521
5.04.01.01.exdebt,38.0803894996643
5.04.01.02.impexp,37.4930860996246
5.1.10_AFG.TOTA.AID.SIDA,1.91016530990601
5.1.10_ETH.TOTA.AID.JPN,1.96495175361633
5.1.10_LAO.TOTA.AID.WB,1.93253755569458
5.1.10_MWI.TOTA.AID.WFP,1.93420100212097
5.1.10_NER.TOTA.AID.UNICEF,1.97523403167725
5.1.10_TJK.TOTA.AID.WB,1.87557125091553
5.1.11_AFG.TOTA.AID.UNESCO,1.93667197227478
5.1.11_ETH.TOTA.AID.JICA,1.97952604293823
5.1.11_KHM.TOTA.AID.WB,1.9572594165802
5.1.11_LAO.TOTA.AID.INGOS,1.96084666252136
5.1.11_MWI.TOTA.AID.WB,1.9171986579895
5.1.12_ETH.TOTA.AID.KFW,1.91686797142029
5.1.13_ETH.TOTA.AID.NLD,1.96483588218689
5.1.14_ETH.TOTA.AID.SIDA,1.87276482582092
5.1.14_MOZ.TOTA.AID.UNICEF,1.94072246551514
5.1.15_MOZ.TOTA.AID.USAID,1.90918803215027
5.1.16_ETH.TOTA.AID.USAID,1.89989399909973
5.1.16_MOZ.TOTA.AID.WB,1.96937942504883
5.1.17_ETH.TOTA.AID.WFP,1.84593343734741
5.1.18_ETH.TOTA.AID.WB,1.92200803756714
5.1.1_AFG.TOTA.AID.CIDA,1.92635798454285
5.1.1_BFA.TOTA.AID.CIDA,1.86372971534729
5.1.1_CAF.TOT.AID.GPE,1.91906762123108
5.1.1_DJI.TOTA.AID.WB,1.90992951393127
5.1.1_ETH.TOTA.AID.ADB,1.94236612319946
5.1.1_GEO.TOTA.AID.EC,1.92839694023132
5.1.1_GHA.TOTA.AID.DFID,1.8328320980072
5.1.1_GNB.TOTA.AID.ADPP.EU,1.90120625495911
5.1.1_KGZ.TOTA.AID.ADPP.EU,1.90952730178833
5.1.1_LAO.TOTA.AID.ADB,1.87185192108154
5.1.1_MDA.TOTA.AID.UNICEF,1.88656330108643
5.1.1_MOZ.TOTA.AID.CAN,1.874347448349
5.1.1_MWI.TOTA.AID.AFDB,1.88006067276001
5.1.1_NER.TOTA.AID.AFD,1.91469097137451
5.1.1_RWA.TOTA.AID.DFID,1.80693697929382
5.1.1_SEN.TOTA.AID.CIDA,1.86508059501648
5.1.1_VNM.TOTA.AID.BEL,1.91269612312317
5.1.1_ZMB.TOTA.AID.DNK,1.89329314231873
5.1.2_BFA.TOTA.AID.AFD,1.92332911491394
5.1.2_DJI.TOTA.AID.FSD,1.88382387161255
5.1.2_ETH.TOTA.AID.BEL,1.90551805496216
5.1.2_GNB.TOTA.AID.ADPP.HUM,1.94941115379333
5.1.2_KGZ.TOTA.AID.ADPP.GIZ,1.80832719802856
5.1.2_MDA.TOTA.AID.WB,1.87058854103088
5.1.2_MDG.TOTA.AID.ILO,1.90133786201477
5.1.2_MWI.TOTA.AID.CIDA,1.84089350700378
5.1.2_NER.TOTA.AID.BEL,1.89248561859131
5.1.2_RWA.TOTA.AID.GPE,1.88941550254822
5.1.2_TJK.TOTA.AID.AGAK,1.86226272583008
5.1.2_VNM.TOTA.AID.CIDA,1.91774034500122
5.1.3_BFA.TOTA.AID.CHE,1.79212546348572
5.1.3_CMR.TOTA.AID.FR,1.85242533683777
5.1.3_DJI.TOTA.AID.AFD,1.88169193267822
5.1.3_ETH.TOTA.AID.DFID,1.80337977409363
5.1.3_GEO.TOTA.AID.USAID,1.85753750801086
5.1.3_GHA.TOTA.AID.JICA,1.86869382858276
5.1.3_GNB.TOTA.AID.ADPP.OTH,1.84810161590576
5.1.3_KGZ.TOTA.AID.ADPP.UNICEF,1.87558770179749
5.1.3_LBR.TOTA.AID.WB,1.85162448883057
5.1.3_MDG.TOTA.AID.FR,1.83768892288208
5.1.3_MOZ.TOTA.AID.DFID,1.85888600349426
5.1.3_MWI.TOTA.AID.DFID,1.77199697494507
5.1.3_RWA.TOTA.AID.UNICEF,1.82810163497925
5.1.3_SEN.TOTA.AID.GPE,1.85573554039001
5.1.3_TJK.TOTA.AID.OPENS,1.8141667842865
5.1.3_VNM.TOTA.AID.DFID,1.85220050811768
5.1.3_ZMB.TOTA.AID.ILO,1.82784175872803
5.1.4_BFA.TOTA.AID.DNK,1.82892560958862
5.1.4_DJI.TOTA.AID.AFDB,1.8923876285553
5.1.4_ETH.TOTA.AID.DVV,1.79329037666321
5.1.4_GHA.TOTA.AID.UNICEF,1.83403825759888
5.1.4_GIN.TOTA.AID.ADPP.GPE,1.84391665458679
5.1.4_GNB.TOTA.AID.EU,1.82457065582275
5.1.4_KGZ.TOTA.AID.ADPP.WB,1.84539842605591
5.1.4_KHM.TOTA.AID.EC,1.83988857269287
5.1.4_LAO.TOTA.AID.DEU,1.79834938049316
5.1.4_MOZ.TOTA.AID.FIN,1.82825970649719
5.1.4_MWI.TOTA.AID.GIZ,1.79619121551514
5.1.4_NER.TOTA.AID.JAPAN,1.80606770515442
5.1.4_RWA.TOTA.AID.USAID,1.85997486114502
5.1.4_SEN.TOTA.AID.IT,1.74886250495911
5.1.4_SLE.TOTA.AID.JICA,1.79621553421021
5.1.5_BFA.TOTA.AID.JICA,1.82922267913818
5.1.5_CMR.TOTA.AID.UNESCO,1.76530122756958
5.1.5_ETH.TOTA.AID.EC,1.81021046638489
5.1.5_GHA.TOTA.AID.USAID,1.8246021270752
5.1.5_GNB.TOTA.AID.FR,1.77203774452209
5.1.5_KHM.TOTA.AID.JPN,1.82234501838684
5.1.5_LAO.TOTA.AID.GPE,1.79164838790894
5.1.5_MDG.TOTA.AID.NOR,1.78909969329834
5.1.5_MOZ.TOTA.AID.FLAND,1.86614227294922
5.1.5_MWI.TOTA.AID.GPE,1.73825812339783
5.1.5_NER.TOTA.AID.KFW,1.78828191757202
5.1.5_RWA.TOTA.AID.WB,1.82092881202698
5.1.5_SEN.TOTA.AID.UNICEF,1.73906564712524
5.1.5_ZMB.TOTA.AID.ZMB,1.79830741882324
5.1.6_BFA.TOTA.AID.NLD,1.79268574714661
5.1.6_ETH.TOTA.AID.FIN,1.76805210113525
5.1.6_GHA.TOTA.AID.WFP,1.81132173538208
5.1.6_GIN.TOTA.AID.ADPP.KFW,1.78295087814331
5.1.6_GNB.TOTA.AID.PORT,1.77037239074707
5.1.6_KHM.TOTA.AID.SWE,1.81470084190369
5.1.6_LAO.TOTA.AID.JICA,1.77339243888855
5.1.6_MDG.TOTA.AID.WFP,1.77004361152649
5.1.6_MOZ.TOTA.AID.DEU,1.82454466819763
5.1.6_MWI.TOTA.AID.JICA,1.7088668346405
5.1.6_NER.TOTA.AID.WFP,1.76738381385803
5.1.6_SEN.TOTA.AID.USAID,1.80330300331116
5.1.6_TJK.TOTA.AID.GPE,1.74225544929504
5.1.6_ZMB.TOTA.AID.UNICEF,1.76553440093994
5.1.7_AFG.TOTA.AID.JICA,1.77935576438904
5.1.7_CIV.TOTA.AID.UNICEF,1.72817611694336
5.1.7_GHA.TOTA.AID.WB,1.77914142608643
5.1.7_GNB.TOTA.AID.UNICEF,1.78028726577759
5.1.7_KHM.TOTA.AID.UNESCO,1.76232123374939
5.1.7_LAO.TOTA.AID.UNESCO,1.78705811500549
5.1.7_MOZ.TOTA.AID.GPE,1.7601044178009
5.1.7_MWI.TOTA.AID.KFW,1.75263667106628
5.1.7_SLE.TOTA.AID.WB,1.79703760147095
5.1.7_TJK.TOTA.AID.UNICEF,1.72990846633911
5.1.7_ZMB.TOTA.AID.USAID,1.76213455200195
5.1.8_AFG.TOTA.AID.NLD,1.78680229187012
5.1.8_BFA.TOTA.AID.EC,1.69541931152344
5.1.8_CIV.TOTA.AID.USAID,1.74601936340332
5.1.8_GNB.TOTA.AID.JAP,1.77713370323181
5.1.8_KHM.TOTA.AID.UNICEF,1.7027952671051
5.1.8_LAO.TOTA.AID.UNICEF,1.74553084373474
5.1.8_MDG.TOTA.AID.UNICEF,1.7722635269165
5.1.8_MOZ.TOTA.AID.IRL,1.71712946891785
5.1.8_MWI.TOTA.AID.UNICEF,1.7566089630127
5.1.8_NER.TOTA.AID.CHE,1.75689601898193
5.1.8_VNM.TOTA.AID.WB,1.71661186218262
5.1.9_AFG.TOTA.AID.NZL,1.74635863304138
5.1.9_ETH.TOTA.AID.ITA,1.74555778503418
5.1.9_KHM.TOTA.AID.USAID,1.72564721107483
5.1.9_LAO.TOTA.AID.WFP,1.7634449005127
5.1.9_MOZ.TOTA.AID.ITA,1.73408317565918
5.1.9_MWI.TOTA.AID.USAID,1.73823690414429
5.1.9_NER.TOTA.AID.LUX,1.76408910751343
5.1.9_TJK.TOTA.AID.WFP,1.72092270851135
5.12.01.01.unesco,38.7799603939056
5.13.01.01.hlthsurv,39.5890853404999
5.13.01.01.who,38.9736053943634
5.14.01.01.povsurv,38.6723403930664
5.1_TOTAL.EDU.AID,33.4049868583679
5.2.10_ETH.BAS.AID.JPN,1.72468209266663
5.2.10_LAO.BAS.AID.WB,1.7863609790802
5.2.10_NER.BAS.AID.UNICEF,1.83158373832703
5.2.10_TLS.TOT.AID.PRIV,1.7278037071228
5.2.11_AFG.BAS.AID.UNESCO,1.79290151596069
5.2.11_ETH.BAS.AID.JICA,1.81842350959778
5.2.11_LAO.BAS.AID.INGOS,1.73616766929626
5.2.11_MWI.BAS.AID.WB,1.78511333465576
5.2.11_TLS.TOT.AID.UNICEF,1.78440880775452
5.2.12_TLS.TOT.AID.USAID,1.73067092895508
5.2.13_ETH.BAS.AID.NLD,1.7789580821991
5.2.14_ETH.BAS.AID.SIDA,1.78173041343689
5.2.15_ETH.BAS.AID.UNICEF,1.74231767654419
5.2.16_ETH.BAS.AID.USAID,1.76476192474365
5.2.17_ETH.BAS.AID.WFP,1.73189520835876
5.2.18_ETH.BAS.AID.WB,1.74737930297852
5.2.1_AFG.BAS.AID.CIDA,1.82591104507446
5.2.1_BFA.BAS.AID.CIDA,1.68548440933228
5.2.1_CAF.BAS.AID.GPE,1.73154091835022
5.2.1_GEO.BAS.AID.EC,1.78287887573242
5.2.1_GHA.BAS.AID.DFID,1.68446826934814
5.2.1_GNB.BAS.AID.ADPP.EU,1.75724267959595
5.2.1_LAO.BAS.AID.ADB,1.77488708496094
5.2.1_MDA.BAS.AID.UNICEF,1.68881630897522
5.2.1_NER.BAS.AID.AFD,1.75126099586487
5.2.1_SEN.BAS.AID.CIDA,1.76144623756409
5.2.1_TJK.BAS.AID.AGAK,1.69627833366394
5.2.1_VNM.BAS.AID.CIDA,1.73901748657227
5.2.2_BFA.BAS.AID.AFD,1.75720763206482
5.2.2_GHA.BAS.AID.GPE,1.72202014923096
5.2.2_GNB.BAS.AID.ADPP.HUM,1.7379949092865
5.2.2_MDA.BAS.AID.WB,1.72818350791931
5.2.2_MDG.BAS.AID.ILO,1.70646381378174
5.2.2_MRT.BAS.AID.AFD,1.73494839668274
5.2.2_NER.BAS.AID.BEL,1.70734572410583
5.2.2_RWA.BAS.AID.GPE,1.70497417449951
5.2.2_SEN.BAS.AID.FR,1.73883676528931
5.2.2_TJK.BAS.AID.OPENS,1.71195197105408
5.2.2_TLS.TOT.AID.AUSAID.WB,1.72176146507263
5.2.2_VNM.BAS.AID.DFID,1.79536056518555
5.2.3_CMR.BAS.AID.FR,1.65869784355164
5.2.3_ETH.BAS.AID.DFID,1.72174453735352
5.2.3_GEO.BAS.AID.USAID,1.77206802368164
5.2.3_GHA.BAS.AID.JICA,1.66769790649414
5.2.3_GNB.BAS.AID.ADPP.OTH,1.71245765686035
5.2.3_KGZ.BAS.AID.ADPP.UNICEF,1.75236701965332
5.2.3_LBR.BAS.AID.WB,1.65169167518616
5.2.3_MRT.BAS.AID.ISDB,1.70832252502441
5.2.3_SEN.BAS.AID.GPE,1.73511624336243
5.2.3_TLS.TOT.AID.AUS,1.65297484397888
5.2.4_GHA.BAS.AID.UNICEF,1.72163343429565
5.2.4_GNB.BAS.AID.EU,1.72205948829651
5.2.4_KGZ.BAS.AID.ADPP.WB,1.65001606941223
5.2.4_MRT.BAS.AID.SP,1.70118594169617
5.2.4_NER.BAS.AID.JAPAN,1.71584367752075
5.2.4_RWA.BAS.AID.USAID,1.64757299423218
5.2.5_BFA.BAS.AID.JICA,1.70169687271118
5.2.5_ETH.BAS.AID.EC,1.71086025238037
5.2.5_GHA.BAS.AID.USAID,1.66630697250366
5.2.5_GNB.BAS.AID.FR,1.69409728050232
5.2.5_LAO.BAS.AID.GPE,1.70473217964172
5.2.5_NER.BAS.AID.KFW,1.6538200378418
5.2.5_SEN.BAS.AID.UNICEF,1.69282078742981
5.2.5_TLS.TOT.AID.JPN,1.70518589019775
5.2.6_BFA.BAS.AID.NLD,1.65933418273926
5.2.6_DJI.BAS.AID.IMOA,1.71034979820251
5.2.6_ETH.BAS.AID.FIN,1.7128164768219
5.2.6_GHA.BAS.AID.WFP,1.66899943351746
5.2.6_GNB.BAS.AID.PORT,1.69057512283325
5.2.6_MDG.BAS.AID.WFP,1.69806122779846
5.2.6_MRT.BAS.AID.UNICEF,1.66771817207336
5.2.6_NER.BAS.AID.WFP,1.69742321968079
5.2.6_SEN.BAS.AID.USAID,1.6871337890625
5.2.6_TJK.BAS.AID.UNICEF,1.66550779342651
5.2.6_TLS.TOT.AID.KOR,1.70326089859009
5.2.7_AFG.BAS.AID.JICA,1.68708634376526
5.2.7_CIV.BAS.AID.UNICEF,1.67775392532349
5.2.7_GHA.BAS.AID.WB,1.73418998718262
5.2.7_GNB.BAS.AID.UNICEF,1.67606234550476
5.2.7_LAO.BAS.AID.UNESCO,1.66989207267761
5.2.7_MRT.BAS.AID.WFP,1.70326590538025
5.2.7_SLE.BAS.AID.WB,1.68784379959106
5.2.7_TLS.TOT.AID.NZL,1.65450620651245
5.2.8_GNB.BAS.AID.JAP,1.68782591819763
5.2.8_KHM.BAS.AID.UNICEF,1.66066575050354
5.2.8_LAO.BAS.AID.UNICEF,1.66010451316833
5.2.8_MWI.BAS.AID.UNICEF,1.69336843490601
5.2.8_NER.BAS.AID.CHE,1.68189978599548
5.2.8_TJK.BAS.AID.WFP,1.66750192642212
5.2.9_LAO.BAS.AID.WFP,1.71228790283203
5.2.9_NER.BAS.AID.LUX,1.72575569152832
5.2.9_TLS.TOT.AID.PRT,1.68029522895813
5.21.01.01.sdds,38.7925405502319
5.2_BASIC.EDU.AID,32.1611213684082
5.51.01.01.poverty,38.8037571907043
5.51.01.02.malnut,38.0643994808197
5.51.01.03.mortal,9.27446436882019
5.51.01.04.immun,10.2992866039276
5.51.01.05.hiv,37.3943605422974
5.51.01.06.matern,37.7555031776428
5.51.01.07.gender,37.9136419296265
5.51.01.08.primcomp,38.2726159095764
5.51.01.09.water,35.0564050674438
5.51.01.10.gdp,38.0634109973907
6.5_NEXT.JSR,1.72651338577271
7.1.2_ESP.PERIOD.END,1.70886206626892
7.13_CURR.ALLOCATION.DISB,30.7742981910706
7.7.1_CURR.ALLOCATION.PERIOD.START,1.62282371520996
7.7.2_CURR.ALLOCATION.PERIOD.END,1.70501041412354
7.8_CURR.ALLOCATION.SIGNATURE,1.677321434021
7.9_CURR.ALLOCATION.CLOSURE,1.62801003456116
ALUMINUM,1.63809537887573
Availability,38.3371138572693
BANANA_EU,1.68927407264709
BANANA_US,1.69412040710449
BARLEY,1.59157156944275
BEEF,1.62429404258728
BNCABFUNDCD_,37.5659189224243
CHICKEN,1.61562538146973
CM.MKT.INDX.ZG,35.0358295440674
COAL_AUS,1.73917126655579
COCOA,1.60272932052612
COCONUT_OIL,1.63729548454285
COFFEE_ARABIC,1.74031734466553
COFFEE_ROBUS,1.59989452362061
Collection,38.1350300312042
COPPER,1.64003658294678
COPRA,1.61614060401917
COTTON_A_INDX,1.65184903144836
CPTOTSAXMZGY,1.71093606948853
CPTOTSAXN,38.4301695823669
CPTOTSAXNZGY,37.9189357757568
CRUDE_BRENT,1.67381596565247
CRUDE_DUBAI,1.70539879798889
CRUDE_PETRO,1.62712717056274
CRUDE_WTI,1.64607644081116
DAP,1.71101212501526
DMGSRMRCHSACD,35.4649715423584
DMGSRMRCHSAKD,35.253871679306
DMGSRMRCHSAXD,36.4627964496613
DPANUSLCU,38.89222407341
DPANUSSPB,38.4071135520935
DPANUSSPF,38.7052907943726
DSTKMKTXD,35.2629821300507
DSTKMKTXN,32.2199454307556
DT.AMT.BLAT.CD,33.4685044288635
DT.AMT.DLXF.CD,33.2495481967926
DT.AMT.DPNG.CD,31.1172578334808
DT.AMT.MLAT.CD,32.8941245079041
DT.AMT.OFFT.CD,33.1203241348267
DT.AMT.PBND.CD,30.6692824363708
DT.AMT.PCBK.CD,30.9704849720001
DT.AMT.PROP.CD,31.0113015174866
DT.AMT.PRVT.CD,31.323582649231
DT.DIS.BLAT.CD,33.0543758869171
DT.DIS.DLXF.CD,32.8832817077637
DT.DIS.MLAT.CD,33.0812530517578
DT.DIS.OFFT.CD,33.2178494930267
DT.DIS.PCBK.CD,30.8369579315186
DT.DIS.PROP.CD,30.6199598312378
DT.DIS.PRVT.CD,30.6046690940857
DT.INT.BLAT.CD,33.1298146247864
DT.INT.DLXF.CD,33.2097320556641
DT.INT.DPNG.CD,31.4195144176483
DT.INT.MLAT.CD,33.1435470581055
DT.INT.OFFT.CD,33.3096904754639
DT.INT.PBND.CD,31.0683016777039
DT.INT.PCBK.CD,30.960301399231
DT.INT.PROP.CD,30.6925327777863
DT.INT.PRVT.CD,31.0100915431976
DXGSRMRCHSACD,31.3047692775726
DXGSRMRCHSAKD,31.1238894462585
DXGSRMRCHSAXD,34.552472114563
EMBI,29.6537711620331
EN.BIR.THRD.NO,33.7155799865723
EN.FSH.THRD.NO,34.1742649078369
EN.HPT.THRD.NO,33.7446477413177
EN.MAM.THRD.NO,33.9321043491364
EN.URB.LCTY,32.0296366214752
EN.URB.LCTY.UR.ZS,31.9779808521271
EN.URB.MCTY,29.8692710399628
EN.URB.MCTY.TL.ZS,30.2662661075592
FB.AST.NPER.ZS,30.5775249004364
FB.BNK.CAPA.ZS,30.4846768379211
FISH_MEAL,1.66005253791809
FP.CPI.TOTL,31.4845414161682
FP.CPI.TOTL.ZG,31.3062765598297
GOLD,1.5806610584259
GRNUT_OIL,1.5457546710968
IAGRICULTURE,1.56084656715393
IBEVERAGES,1.55098867416382
IC.BUS.DISC.XQ,33.3429362773895
IC.BUS.EASE.XQ,33.1208736896515
IC.CRD.INFO.XQ,33.7282900810242
IC.CRD.PRVT.ZS,33.0158443450928
IC.CRD.PUBL.ZS,33.1847350597382
IC.CUS.DURS.EX,28.909462928772
IC.ELC.DURS,29.113285779953
IC.ELC.OUTG,29.4136226177216
IC.ELC.TIME,32.7393729686737
IC.EXP.COST.CD,32.6401832103729
IC.EXP.DOCS,33.1571989059448
IC.EXP.DURS,32.5320744514465
IC.FRM.BNKS.ZS,29.0174231529236
IC.FRM.CMPU.ZS,29.5055274963379
IC.FRM.CORR.ZS,28.6263840198517
IC.FRM.CRIM.ZS,28.441869020462
IC.FRM.DURS,28.2339236736298
IC.FRM.FEMM.ZS,28.1329610347748
IC.FRM.FEMO.ZS,28.1307647228241
IC.FRM.FREG.ZS,28.1891672611237
IC.FRM.ISOC.ZS,28.3112535476685
IC.FRM.OUTG.ZS,28.3799932003021
IC.FRM.TRNG.ZS,28.336615562439
IC.GOV.DURS.ZS,27.9632613658905
IC.IMP.COST.CD,32.2304935455322
IC.IMP.DOCS,31.9826936721802
IC.IMP.DURS,31.9228465557098
IC.ISV.DURS,31.6601161956787
IC.LGL.CRED.XQ,31.8656704425812
IC.LGL.DURS,31.3137505054474
IC.LGL.PROC,31.5223982334137
IC.PRP.DURS,31.1858220100403
IC.PRP.PROC,31.0170788764954
IC.REG.COST.PC.ZS,31.0153348445892
IC.REG.DURS,31.0581407546997
IC.REG.PROC,30.7855854034424
IC.TAX.DURS,31.1606206893921
IC.TAX.GIFT.ZS,26.9295916557312
IC.TAX.LABR.CP.ZS,30.8497548103333
IC.TAX.METG,27.0665736198425
IC.TAX.OTHR.CP.ZS,30.3677594661713
IC.TAX.PAYM,30.5652990341187
IC.TAX.PRFT.CP.ZS,31.7914659976959
IC.TAX.TOTL.CP.ZS,31.5160384178162
IC.WRH.DURS,31.5225422382355
IC.WRH.PROC,31.2500314712524
IENERGY,1.67446088790894
IFATS_OILS,1.67751359939575
IFERTILIZERS,1.59950923919678
IFOOD,1.60268592834473
IGRAINS,1.59417009353638
IMETMIN,1.66204404830933
INONFUEL,1.61316180229187
IOTHERFOOD,1.59740686416626
IOTHERRAWMAT,1.60283279418945
IPTOTSAKD,29.6195583343506
IQ.WEF.CUST.XQ,30.7967312335968
IQ.WEF.PORT.XQ,31.1786260604858
IRAW_MATERIAL,1.61489987373352
IRON_ORE,1.59524631500244
IRON_ORE_SPOT,1.61234474182129
IRSPREAD,29.1523129940033
IS.SHP.GCNW.XQ,29.3659291267395
IT.NET.SECR,29.6218900680542
IT.NET.SECR.P6,30.3360857963562
ITIMBER,1.5873761177063
KALUMINUM,1.59419775009155
KBANANA_EU,1.62260484695435
KBANANA_US,1.65014433860779
KBARLEY,1.69072318077087
KBEEF,1.63897943496704
KCHICKEN,1.6335916519165
KCOAL_AUS,1.6235077381134
KCOCOA,1.60443806648254
KCOCONUT_OIL,1.61444592475891
KCOFFEE_ARABIC,1.52163672447205
KCOFFEE_ROBUS,1.57678532600403
KCOPPER,1.6149046421051
KCOPRA,1.62321448326111
KCOTTON_A_INDX,1.53367447853088
KCRUDE_BRENT,1.69799709320068
KCRUDE_DUBAI,1.59105801582336
KCRUDE_PETRO,1.63298010826111
KCRUDE_WTI,1.52949643135071
KDAP,1.55385208129883
KFISH_MEAL,1.55776429176331
KGOLD,1.58546471595764
KGRNUT_OIL,1.6313111782074
KIAGRICULTURE,1.75025987625122
KIBEVERAGES,1.52730417251587
KIENERGY,1.56929397583008
KIFATS_OILS,1.5899829864502
KIFERTILIZERS,1.53246021270752
KIFOOD,1.61040091514587
KIGRAINS,1.56425857543945
KIMETMIN,1.57486581802368
KINONFUEL,1.61567997932434
KIOTHERFOOD,1.5971040725708
KIOTHERRAWMAT,1.6060643196106
KIRAW_MATERIAL,1.52035117149353
KIRON_ORE,1.57755732536316
KIRON_ORE_SPOT,1.54248833656311
KITIMBER,1.53348708152771
KLAMB,1.56615519523621
KLEAD,1.53318500518799
KLOGS_CMR,1.52581667900085
KLOGS_MYS,1.57334208488464
KMAIZE,1.48415851593018
KNGAS_EUR,1.48925828933716
KNGAS_JP,1.50674772262573
KNGAS_US,1.51943683624268
KNICKEL,1.46435976028442
KORANGE,1.47479557991028
KPALM_OIL,1.49532675743103
KPHOSROCK,1.51476716995239
KPLMKRNL_OIL,1.46135187149048
KPLYWOOD,1.46344017982483
KPOTASH,1.48665118217468
KRICE_05,1.53391885757446
KRICE_05_VNM,1.49632000923157
KRICE_25,1.49411034584045
KRICE_A1,1.57567143440247
KRUBBER1_MYSG,1.49900674819946
KSAWNWD_CMR,1.44766497612
KSAWNWD_MYS,1.50568151473999
KSHRIMP_MEX,1.54084277153015
KSILVER,1.52740359306335
KSORGHUM,1.4688241481781
KSOYBEAN_MEAL,1.49213743209839
KSOYBEAN_OIL,1.47847700119019
KSOYBEANS,1.50807428359985
KSUGAR_EU,1.43830275535583
KSUGAR_US,1.46519088745117
KSUGAR_WLD,1.46177291870117
KTEA_AVG,1.49374318122864
KTEA_COLOMBO,1.41341423988342
KTEA_KOLKATA,1.44681549072266
KTEA_MOMBASA,1.44830441474915
KTIN,1.52857875823975
KTOBAC_US,1.40201830863953
KTSP,1.47902369499207
KUREA_EE_BULK,1.56004667282104
KWHEAT_US_HRW,1.64072608947754
KWHEAT_US_SRW,1.38857316970825
KWOODPULP,1.4381890296936
KZINC,1.45126628875732
LAMB,1.49728608131409
LEAD,1.38400506973267
LIBOR3M,1.45784568786621
LIBOR6M,1.48710536956787
LOGS_CMR,1.48996567726135
LOGS_MYS,1.38444685935974
MAIZE,1.40732431411743
MS.MIL.MPRT.KD,28.7150897979736
MS.MIL.XPRT.KD,28.5968930721283
NEER,29.2292113304138
NGAS_EUR,1.40722131729126
NGAS_JP,1.39431095123291
NGAS_US,1.40337657928467
NICKEL,1.40888595581055
NYGDPMKTPKDZ,29.2520990371704
ORANGE,1.41573286056519
PA.NUS.FCRF,29.7075252532959
PALM_OIL,1.47026753425598
PHOSROCK,1.50926494598389
PLMKRNL_OIL,1.55938100814819
PLYWOOD,1.52134370803833
POTASH,1.38299870491028
Practice,29.6355357170105
REER,28.9447765350342
RICE_05,1.4197359085083
RICE_05_VNM,1.38897895812988
RICE_25,1.37567329406738
RICE_A1,1.38376450538635
RUBBER1_MYSG,1.423020362854
SAWNWD_CMR,1.35875105857849
SAWNWD_MYS,1.37485098838806
SE.COM.DURS,28.3473818302155
SE.ENR.PRIM.FM.ZS,1.48986339569092
SE.ENR.PRSC.FM.ZS,1.46924233436584
SE.ENR.SECO.FM.ZS,1.55851268768311
SE.PRE.ENRL,1.41361117362976
SE.PRE.ENRL.FE,1.48195028305054
SE.PRE.ENRL.FE.ZS,1.47074198722839
SE.PRE.ENRL.TC.ZS,1.49505734443665
SE.PRE.ENRR,1.62101173400879
SE.PRE.ENRR.FE,1.46762990951538
SE.PRE.ENRR.MA,1.48812055587769
SE.PRE.NENR,1.46910738945007
SE.PRE.NENR.FE,1.49396729469299
SE.PRE.NENR.MA,1.4223325252533
SE.PRE.PRIV.ZS,1.42845773696899
SE.PRE.TCHR,1.43648409843445
SE.PRE.TCHR.FE,1.4597749710083
SE.PRE.TCHR.FE.ZS,1.39984464645386
SE.PRM.AGES,30.0015208721161
SE.PRM.CMPL.FE.ZS,1.45224833488464
SE.PRM.CMPL.MA.ZS,1.46353125572205
SE.PRM.CMPL.ZS,1.47882103919983
SE.PRM.CMPT.FE.ZS,1.48289513587952
SE.PRM.CMPT.MA.ZS,1.41651678085327
SE.PRM.CMPT.ZS,1.42341732978821
SE.PRM.DURS,30.4837419986725
SE.PRM.ENRL,1.43160271644592
SE.PRM.ENRL.FE,1.44949555397034
SE.PRM.ENRL.FE.ZS,1.45746684074402
SE.PRM.ENRL.TC.ZS,1.39220714569092
SE.PRM.ENRR,1.39757609367371
SE.PRM.ENRR.FE,1.41381978988647
SE.PRM.ENRR.MA,1.44922995567322
SE.PRM.EPCR.FE.ZS,1.4360134601593
SE.PRM.EPCR.MA.ZS,1.39586663246155
SE.PRM.EPCR.ZS,1.45937061309814
SE.PRM.GINT.FE.ZS,1.5134265422821
SE.PRM.GINT.MA.ZS,1.40306854248047
SE.PRM.GINT.ZS,1.38019490242004
SE.PRM.NENR,1.39320492744446
SE.PRM.NENR.FE,1.39233899116516
SE.PRM.NENR.MA,1.44164562225342
SE.PRM.NINT.FE.ZS,1.35523509979248
SE.PRM.NINT.MA.ZS,1.39093160629272
SE.PRM.NINT.ZS,1.35087060928345
SE.PRM.PRIV.ZS,1.49512481689453
SE.PRM.REPT.FE.ZS,1.39537739753723
SE.PRM.REPT.MA.ZS,1.38910102844238
SE.PRM.REPT.ZS,1.40654420852661
SE.PRM.TCAQ.FE.ZS,1.44122982025146
SE.PRM.TCAQ.MA.ZS,1.47516870498657
SE.PRM.TCAQ.ZS,1.37517476081848
SE.PRM.TCHR,1.38525724411011
SE.PRM.TCHR.FE,1.39833879470825
SE.PRM.TCHR.FE.ZS,1.48150372505188
SE.PRM.TENR,1.35111713409424
SE.PRM.TENR.FE,1.36826872825623
SE.PRM.TENR.MA,1.38014149665833
SE.PRM.UNER,1.37909626960754
SE.PRM.UNER.FE,1.41793584823608
SE.PRM.UNER.MA,1.36192297935486
SE.SEC.AGES,29.7707509994507
SE.SEC.CMPT.LO.FE.ZS,1.56760621070862
SE.SEC.CMPT.LO.MA.ZS,1.41261529922485
SE.SEC.CMPT.LO.ZS,1.38665676116943
SE.SEC.DURS,29.829883813858
SE.SEC.DURS.LO,29.2862808704376
SE.SEC.DURS.UP,29.5556907653809
SE.SEC.ENRL,1.35514712333679
SE.SEC.ENRL.FE,1.37211275100708
SE.SEC.ENRL.FE.VO.ZS,1.44438171386719
SE.SEC.ENRL.FE.ZS,1.31583118438721
SE.SEC.ENRL.GC,1.36689758300781
SE.SEC.ENRL.GC.FE,1.37857484817505
SE.SEC.ENRL.GC.FE.ZS,1.35051345825195
SE.SEC.ENRL.MA.VO.ZS,1.37283539772034
SE.SEC.ENRL.TC.ZS,1.29348397254944
SE.SEC.ENRL.VO,1.31370162963867
SE.SEC.ENRL.VO.FE,1.31932306289673
SE.SEC.ENRL.VO.FE.ZS,1.32794165611267
SE.SEC.ENRL.VO.ZS,1.35670304298401
SE.SEC.ENRR,1.30492568016052
SE.SEC.ENRR.FE,1.31874704360962
SE.SEC.ENRR.LO,1.33289647102356
SE.SEC.ENRR.LO.FE,1.39729762077332
SE.SEC.ENRR.LO.MA,1.29169964790344
SE.SEC.ENRR.MA,1.30319166183472
SE.SEC.ENRR.UP,1.3160092830658
SE.SEC.ENRR.UP.FE,1.33843874931335
SE.SEC.ENRR.UP.MA,1.35320711135864
SE.SEC.NENR,1.26070117950439
SE.SEC.NENR.FE,1.27075433731079
SE.SEC.NENR.MA,1.29073190689087
SE.SEC.PRIV.ZS,1.31772470474243
SE.SEC.REPT.FE.ZS,1.34213829040527
SE.SEC.REPT.MA.ZS,1.27669548988342
SE.SEC.REPT.ZS,1.3042004108429
SE.SEC.TCAQ.FE.ZS,1.24850940704346
SE.SEC.TCAQ.MA.ZS,1.25381135940552
SE.SEC.TCAQ.ZS,1.29609084129333
SE.SEC.TCHR,1.25090479850769
SE.SEC.TCHR.FE,1.25355505943298
SE.SEC.TCHR.FE.ZS,1.25388956069946
SE.SEC.TCHR.MA,1.28968644142151
SE.TER.CMPL.FE.ZS,1.3048882484436
SE.TER.CMPL.MA.ZS,1.22093749046326
SE.TER.CMPL.ZS,1.23808789253235
SE.TER.ENRL,1.26302146911621
SE.TER.ENRL.FE,1.27332901954651
SE.TER.ENRL.FE.ZS,1.34224891662598
SE.TER.GRAD,1.19711184501648
SE.TER.GRAD.AG.FE.ZS,1.21311283111572
SE.TER.GRAD.AG.ZS,1.20539212226868
SE.TER.GRAD.ED.FE.ZS,1.2131175994873
SE.TER.GRAD.ED.ZS,1.20524191856384
SE.TER.GRAD.EN.FE.ZS,1.24708485603333
SE.TER.GRAD.EN.ZS,1.19170951843262
SE.TER.GRAD.FE,1.21207189559937
SE.TER.GRAD.FE.AG.ZS,1.21441054344177
SE.TER.GRAD.FE.ED.ZS,1.22018957138062
SE.TER.GRAD.FE.EN.ZS,1.29487347602844
SE.TER.GRAD.FE.HL.ZS,1.18966341018677
SE.TER.GRAD.FE.HU.ZS,1.19998645782471
SE.TER.GRAD.FE.SC.ZS,1.21428656578064
SE.TER.GRAD.FE.SS.ZS,1.21530151367188
SE.TER.GRAD.FE.SV.ZS,1.2322781085968
SE.TER.GRAD.FE.ZS,1.28614282608032
SE.TER.GRAD.HL.FE.ZS,1.21769618988037
SE.TER.GRAD.HL.ZS,1.20778203010559
SE.TER.GRAD.HU.FE.ZS,1.2269024848938
SE.TER.GRAD.HU.ZS,1.20147323608398
SE.TER.GRAD.OT.FE.ZS,1.21600604057312
SE.TER.GRAD.OT.ZS,1.26299357414246
SE.TER.GRAD.SC.FE.ZS,1.19957399368286
SE.TER.GRAD.SC.ZS,1.20034456253052
SE.TER.GRAD.SS.FE.ZS,1.22220325469971
SE.TER.GRAD.SS.ZS,1.20197534561157
SE.TER.GRAD.SV.FE.ZS,1.26550626754761
SE.TER.GRAD.SV.ZS,1.16063952445984
SE.TER.PRIV.ZS,1.21311163902283
SE.TER.TCHR,1.21630525588989
SE.TER.TCHR.FE,1.2222785949707
SE.TER.TCHR.FE.ZS,1.23652076721191
SE.XPD.CUR.PRIM.ZS,1.25434398651123
SE.XPD.CUR.SECO.ZS,1.18398499488831
SE.XPD.CUR.TERT.ZS,1.22631239891052
SE.XPD.CUR.TOTL.ZS,1.19678282737732
SE.XPD.SECO.PC.ZS,1.17439746856689
SE.XPD.TERT.PC.ZS,1.25285696983337
SE.XPD.TERT.ZS,1.17603182792664
SE.XPD.TOTL.GB.ZS,1.16972756385803
SE.XPD.TOTL.GD.ZS,1.20577096939087
SE.XPD.TOTL.GN.ZS,1.19011759757996
SE.XPD.TOTL.PC.ZS,1.17401146888733
SG.GEN.PARL.ZS,29.5715370178223
SH.MED.NUMW.P3,1.23577952384949
SH.MED.PHYS.ZS,1.3449068069458
SH.MMR.DTHS,29.4403469562531
SH.MMR.RISK,28.8078486919403
SH.MMR.RISK.ZS,28.2764623165131
SH.STA.DIAB.ZS,27.9440953731537
SH.STA.MMRT,27.9592242240906
SHRIMP_MEX,1.14779305458069
SI.POV.NAGP,1.15725016593933
SI.POV.NAHC,1.18490767478943
SI.POV.RUGP,1.17204165458679
SI.POV.RUHC,1.28081893920898
SI.POV.URGP,1.13384056091309
SI.POV.URHC,1.1644492149353
SILVER,1.14900970458984
SL.AGR.EMPL.FE.ZS,1.1679265499115
SL.AGR.EMPL.MA.ZS,1.16234517097473
SL.AGR.EMPL.ZS,1.19674324989319
SL.EMP.MPYR.FE.ZS,1.13739490509033
SL.EMP.MPYR.MA.ZS,1.14659428596497
SL.EMP.MPYR.ZS,1.13211011886597
SL.EMP.OWAC.FE.ZS,1.12713098526001
SL.EMP.OWAC.MA.ZS,1.13860487937927
SL.EMP.UNDR.FE.ZS,1.20620059967041
SL.EMP.UNDR.MA.ZS,1.12344408035278
SL.EMP.UNDR.ZS,1.13311624526978
SL.EMP.WORK.FE.ZS,1.13693046569824
SL.EMP.WORK.MA.ZS,1.13678550720215
SL.EMP.WORK.ZS,1.13163232803345
SL.FAM.WORK.FE.ZS,1.17617678642273
SL.FAM.WORK.MA.ZS,1.10256052017212
SL.FAM.WORK.ZS,1.13980197906494
SL.IND.EMPL.FE.ZS,1.12398338317871
SL.IND.EMPL.MA.ZS,1.12524151802063
SL.IND.EMPL.ZS,1.12230038642883
SL.SRV.EMPL.FE.ZS,1.17085409164429
SL.SRV.EMPL.MA.ZS,1.08933472633362
SL.SRV.EMPL.ZS,1.10617184638977
SL.TLF.CACT.FE.NE.ZS,1.10770583152771
SL.TLF.CACT.FM.NE.ZS,1.11964559555054
SL.TLF.CACT.MA.NE.ZS,1.13571381568909
SL.TLF.CACT.NE.ZS,1.17123556137085
SL.UEM.TOTL.FE.NE.ZS,1.08874011039734
SL.UEM.TOTL.MA.NE.ZS,1.12610816955566
SN.ITK.DFCT,27.5946667194366
SORGHUM,1.15788865089417
SOYBEAN_MEAL,1.14386630058289
SOYBEAN_OIL,1.19176292419434
SOYBEANS,1.09182214736938
SP.POP.0305.FE.UN,27.3785970211029
SP.POP.0305.MA.UN,27.4011795520782
SP.POP.0305.TO.UN,27.4201335906982
SP.POP.0406.FE.UN,27.0233533382416
SP.POP.0406.MA.UN,26.6987125873566
SP.POP.0406.TO.UN,27.1471703052521
SP.POP.0509.FE.UN,26.7565903663635
SP.POP.0509.MA.UN,26.7704434394836
SP.POP.0509.TO.UN,27.0862631797791
SP.POP.0510.FE.UN,26.7225923538208
SP.POP.0510.MA.UN,26.9802124500275
SP.POP.0510.TO.UN,26.6603620052338
SP.POP.0511.FE.UN,26.463613986969
SP.POP.0511.MA.UN,26.8189399242401
SP.POP.0511.TO.UN,26.3904769420624
SP.POP.0609.FE.UN,26.1544468402863
SP.POP.0609.MA.UN,26.4746844768524
SP.POP.0609.TO.UN,26.4329302310944
SP.POP.0610.FE.UN,27.0163116455078
SP.POP.0610.MA.UN,28.6084821224213
SP.POP.0610.TO.UN,26.8042225837708
SP.POP.0611.FE.UN,26.5112738609314
SP.POP.0611.MA.UN,25.5478935241699
SP.POP.0611.TO.UN,25.6083710193634
SP.POP.0612.FE.UN,26.3530356884003
SP.POP.0612.MA.UN,26.3531889915466
SP.POP.0612.TO.UN,25.508118391037
SP.POP.0709.FE.UN,25.4620642662048
SP.POP.0709.MA.UN,25.244292974472
SP.POP.0709.TO.UN,25.3980617523193
SP.POP.0710.FE.UN,25.3184413909912
SP.POP.0710.MA.UN,25.4180724620819
SP.POP.0710.TO.UN,25.0022509098053
SP.POP.0711.FE.UN,24.9816038608551
SP.POP.0711.MA.UN,25.9344756603241
SP.POP.0711.TO.UN,24.6226828098297
SP.POP.0712.FE.UN,24.3091602325439
SP.POP.0712.MA.UN,24.3089234828949
SP.POP.0712.TO.UN,24.4920253753662
SP.POP.0713.FE.UN,24.3594577312469
SP.POP.0713.MA.UN,23.8529965877533
SP.POP.0713.TO.UN,24.575658082962
SP.POP.1014.FE.UN,23.7213046550751
SP.POP.1014.MA.UN,24.1209869384766
SP.POP.1014.TO.UN,25.4015634059906
SP.POP.1015.FE.UN,24.678293466568
SP.POP.1015.MA.UN,23.8634350299835
SP.POP.1015.TO.UN,23.8487823009491
SP.POP.1016.FE.UN,23.8654012680054
SP.POP.1016.MA.UN,23.717188835144
SP.POP.1016.TO.UN,23.7773621082306
SP.POP.1017.FE.UN,23.4197642803192
SP.POP.1017.MA.UN,22.9900703430176
SP.POP.1017.TO.UN,22.8074069023132
SP.POP.1018.FE.UN,22.9538667201996
SP.POP.1018.MA.UN,22.9685678482056
SP.POP.1018.TO.UN,23.2848973274231
SP.POP.1115.FE.UN,22.694237947464
SP.POP.1115.MA.UN,22.1763281822205
SP.POP.1115.TO.UN,21.9404797554016
SP.POP.1116.FE.UN,21.7271971702576
SP.POP.1116.MA.UN,21.5952258110046
SP.POP.1116.TO.UN,21.2573421001434
SP.POP.1117.FE.UN,21.3363952636719
SP.POP.1117.MA.UN,21.5118157863617
SP.POP.1117.TO.UN,21.0356316566467
SP.POP.1118.FE.UN,20.6662750244141
SP.POP.1118.MA.UN,21.1318821907043
SP.POP.1118.TO.UN,20.8226988315582
SP.POP.1215.FE.UN,20.7634382247925
SP.POP.1215.MA.UN,20.2299602031708
SP.POP.1215.TO.UN,19.881338596344
SP.POP.1216.FE.UN,20.6981570720673
SP.POP.1216.MA.UN,20.572173833847
SP.POP.1216.TO.UN,20.2837779521942
SP.POP.1217.FE.UN,20.2876229286194
SP.POP.1217.MA.UN,20.1266827583313
SP.POP.1217.TO.UN,20.2033393383026
SP.POP.1218.FE.UN,20.1590104103088
SP.POP.1218.MA.UN,20.3203041553497
SP.POP.1218.TO.UN,20.0590314865112
SP.POP.1316.FE.UN,19.9559533596039
SP.POP.1316.MA.UN,19.9877164363861
SP.POP.1316.TO.UN,20.0924153327942
SP.POP.1317.FE.UN,19.4083733558655
SP.POP.1317.MA.UN,19.4832236766815
SP.POP.1317.TO.UN,19.4267566204071
SP.POP.1318.FE.UN,19.0805189609528
SP.POP.1318.MA.UN,18.7504630088806
SP.POP.1318.TO.UN,18.6256670951843
SP.POP.1319.FE.UN,18.8533365726471
SP.POP.1319.MA.UN,18.3156778812408
SP.POP.1319.TO.UN,18.4946095943451
SP.POP.1418.FE.UN,18.1563539505005
SP.POP.1418.MA.UN,17.911848783493
SP.POP.1418.TO.UN,17.8396806716919
SP.POP.1419.FE.UN,17.7449238300323
SP.POP.1419.MA.UN,17.7879762649536
SP.POP.1419.TO.UN,17.744793176651
SP.POP.1524.FE.UN,17.8629965782166
SP.POP.1524.MA.UN,17.6758008003235
SP.POP.1524.TO.UN,17.6745538711548
SP.POP.AG00.FE.IN,17.4192261695862
SP.POP.AG00.FE.UN,17.4313721656799
SP.POP.AG00.MA.IN,17.4575707912445
SP.POP.AG00.MA.UN,17.015340089798
SP.POP.AG00.TO.UN,16.8060410022736
SP.POP.AG01.FE.IN,16.9483077526093
SP.POP.AG01.FE.UN,16.686637878418
SP.POP.AG01.MA.IN,16.5402772426605
SP.POP.AG01.MA.UN,16.4383914470673
SP.POP.AG01.TO.UN,16.0844120979309
SP.POP.AG02.FE.IN,15.565714597702
SP.POP.AG02.FE.UN,15.5925695896149
SP.POP.AG02.MA.IN,15.7116410732269
SP.POP.AG02.MA.UN,15.3651571273804
SP.POP.AG02.TO.UN,15.1620621681213
SP.POP.AG03.FE.IN,15.162939786911
SP.POP.AG03.FE.UN,15.1406860351562
SP.POP.AG03.MA.IN,14.9000792503357
SP.POP.AG03.MA.UN,14.901077747345
SP.POP.AG03.TO.UN,14.8491182327271
SP.POP.AG04.FE.IN,14.5623967647552
SP.POP.AG04.FE.UN,14.6174259185791
SP.POP.AG04.MA.IN,14.6460773944855
SP.POP.AG04.MA.UN,14.5439033508301
SP.POP.AG04.TO.UN,14.4477753639221
SP.POP.AG05.FE.IN,14.0999317169189
SP.POP.AG05.FE.UN,13.775634765625
SP.POP.AG05.MA.IN,13.8443243503571
SP.POP.AG05.MA.UN,13.6653122901917
SP.POP.AG05.TO.UN,13.5589566230774
SP.POP.AG06.FE.UN,13.491425037384
SP.POP.AG06.MA.UN,13.1819636821747
SP.POP.AG06.TO.UN,13.2367162704468
SP.POP.AG07.FE.UN,12.8603649139404
SP.POP.AG07.MA.UN,12.9690253734589
SP.POP.AG07.TO.UN,12.8911983966827
SP.POP.AG08.FE.UN,12.4795572757721
SP.POP.AG08.MA.UN,12.3464524745941
SP.POP.AG08.TO.UN,11.9884068965912
SP.POP.AG09.FE.UN,12.0028553009033
SP.POP.AG09.MA.UN,11.875518321991
SP.POP.AG09.TO.UN,11.7831244468689
SP.POP.AG10.FE.UN,11.7614929676056
SP.POP.AG10.MA.UN,11.6346707344055
SP.POP.AG10.TO.UN,11.3024818897247
SP.POP.AG11.FE.UN,11.2897837162018
SP.POP.AG11.MA.UN,11.2126939296722
SP.POP.AG11.TO.UN,11.1193175315857
SP.POP.AG12.FE.UN,10.7549293041229
SP.POP.AG12.MA.UN,10.7982537746429
SP.POP.AG12.TO.UN,10.6783056259155
SP.POP.AG13.FE.UN,10.5904092788696
SP.POP.AG13.MA.UN,10.6076943874359
SP.POP.AG13.TO.UN,10.2172873020172
SP.POP.AG14.FE.UN,10.2313580513
SP.POP.AG14.MA.UN,10.166915178299
SP.POP.AG14.TO.UN,9.96311497688293
SP.POP.AG15.FE.UN,9.86184692382812
SP.POP.AG15.MA.UN,9.6748366355896
SP.POP.AG15.TO.UN,9.78262996673584
SP.POP.AG16.FE.UN,9.35516309738159
SP.POP.AG16.MA.UN,9.28264760971069
SP.POP.AG16.TO.UN,9.310711145401
SP.POP.AG17.FE.UN,8.95478701591492
SP.POP.AG17.MA.UN,8.90183210372925
SP.POP.AG17.TO.UN,8.76537823677063
SP.POP.AG18.FE.UN,9.29071927070618
SP.POP.AG18.MA.UN,8.68947982788086
SP.POP.AG18.TO.UN,8.66749238967896
SP.POP.AG19.FE.UN,8.4494001865387
SP.POP.AG19.MA.UN,8.3477954864502
SP.POP.AG19.TO.UN,8.0542778968811
SP.POP.AG20.FE.UN,8.01747274398804
SP.POP.AG20.MA.UN,8.05656838417053
SP.POP.AG20.TO.UN,7.84537625312805
SP.POP.AG21.FE.UN,7.72120547294617
SP.POP.AG21.MA.UN,7.5840208530426
SP.POP.AG21.TO.UN,7.36645245552063
SP.POP.AG22.FE.UN,7.37559032440186
SP.POP.AG22.MA.UN,7.42184686660767
SP.POP.AG22.TO.UN,7.12395405769348
SP.POP.AG23.FE.UN,6.90714955329895
SP.POP.AG23.MA.UN,6.80824160575867
SP.POP.AG23.TO.UN,6.84509086608887
SP.POP.AG24.FE.UN,6.69143056869507
SP.POP.AG24.MA.UN,6.76098442077637
SP.POP.AG24.TO.UN,6.31413817405701
SP.POP.AG25.FE.UN,6.25156760215759
SP.POP.AG25.MA.UN,6.02705764770508
SP.POP.AG25.TO.UN,5.87941002845764
SP.PRE.TOTL.FE.IN,5.97314405441284
SP.PRE.TOTL.IN,5.45195055007935
SP.PRE.TOTL.MA.IN,5.40837740898132
SP.PRM.GRAD.FE,5.46005272865295
SP.PRM.GRAD.MA,5.23671460151672
SP.PRM.GRAD.TO,5.00500822067261
SP.PRM.TOTL.FE.IN,4.95535516738892
SP.PRM.TOTL.IN,4.7953736782074
SP.PRM.TOTL.MA.IN,4.73921537399292
SP.SEC.LTOT.FE.IN,4.49312686920166
SP.SEC.LTOT.IN,4.53161144256592
SP.SEC.LTOT.MA.IN,4.20776104927063
SP.SEC.TOTL.FE.IN,4.2869188785553
SP.SEC.TOTL.IN,4.12505984306335
SP.SEC.TOTL.MA.IN,4.05525660514832
SP.SEC.UTOT.FE.IN,4.07356238365173
SP.SEC.UTOT.IN,3.84219932556152
SP.SEC.UTOT.MA.IN,3.83248949050903
SP.TER.TOTL.FE.IN,3.70548915863037
SP.TER.TOTL.IN,3.44221138954163
SP.TER.TOTL.MA.IN,3.24591302871704
SUGAR_EU,0.755274534225464
SUGAR_US,0.739261865615845
SUGAR_WLD,0.810742378234863
TEA_AVG,0.711449146270752
TEA_COLOMBO,0.711732625961304
TEA_KOLKATA,0.710609197616577
TEA_MOMBASA,0.712918758392334
TIN,0.709283590316772
TOBAC_US,0.710013151168823
TOTRESV,2.98456025123596
TSP,0.721797466278076
UIS.AFR.AGRADMG.1.PU,0.804956674575806
UIS.AFR.CS.1.PU,0.712584733963013
UIS.AFR.CS.MG.1.PU,0.712900638580322
UIS.AFR.CS.SG.1.G1.PU,0.718151569366455
UIS.AFR.CS.SG.1.G2.PU,0.708963394165039
UIS.AFR.CS.SG.1.G3.PU,0.749377489089966
UIS.AFR.CS.SG.1.G4.PU,0.725977897644043
UIS.AFR.CS.SG.1.G5.PU,0.717448472976685
UIS.AFR.CS.SG.1.G6.PU,0.715502262115479
UIS.AFR.CS.SG.1.PU,0.712815523147583
UIS.AFR.ECP.MG.1.PU,0.714849710464478
UIS.AFR.FNTP.1,0.784106254577637
UIS.AFR.FNTP.2,0.695606708526611
UIS.AFR.FNTP.3,0.691765785217285
UIS.AFR.GTCTR.1.F,0.700002193450928
UIS.AFR.GTCTR.1.M,0.705098390579224
UIS.AFR.GTCTR.1.T,0.704787731170654
UIS.AFR.GTCTR.2.F,0.686140298843384
UIS.AFR.NTP.1.PU.F,0.716103076934814
UIS.AFR.NTP.1.PU.M,0.718926906585693
UIS.AFR.NTP.1.PU.T,0.708330154418945
UIS.AFR.NTP.2.PU.F,0.684677600860596
UIS.AFR.PBR.1.G1.PU.MATH,0.76263952255249
UIS.AFR.PBR.1.G1.PU.READ,0.676181554794312
UIS.AFR.PBR.1.G2.PU.MATH,0.683275938034058
UIS.AFR.PBR.1.G2.PU.READ,0.677288770675659
UIS.AFR.PBR.1.G3.PU.MATH,0.678912878036499
UIS.AFR.PBR.1.G3.PU.READ,0.681666374206543
UIS.AFR.PBR.1.G4.PU.MATH,0.67967414855957
UIS.AFR.PBR.1.G4.PU.READ,0.687295913696289
UIS.AFR.PBR.1.G5.PU.MATH,0.67975640296936
UIS.AFR.PBR.1.G5.PU.READ,0.68135666847229
UIS.AFR.PBR.1.G6.PU.MATH,0.672597885131836
UIS.AFR.PBR.1.G6.PU.READ,0.749167442321777
UIS.AFR.PBR.1.PU.MATH,0.657222747802734
UIS.AFR.PBR.1.PU.READ,0.658800363540649
UIS.AFR.SCHBSP.1.PU.MIXTOIL,0.653932094573975
UIS.AFR.SCHBSP.1.PU.WELEC,0.665316104888916
UIS.AFR.SCHBSP.1.PU.WOELEC,0.668631076812744
UIS.AFR.SCHBSP.1.PU.WOPOWAT,0.673216819763184
UIS.AFR.SCHBSP.1.PU.WOTOIL,0.674791812896729
UIS.AFR.SCHBSP.1.PU.WPOWAT,0.673368215560913
UIS.AFR.SCHBSP.1.PU.WSTOIL,0.65455436706543
UIS.AFR.SCHBSP.1.PU.WTOIL,0.663440704345703
UIS.AFR.SCHCENRESPR.1.PU,0.751532793045044
UIS.AFR.SCHCENRESPR.23.PU,0.644450902938843
UIS.AFR.TATTRR.1.PU.F,0.646481275558472
UIS.AFR.TATTRR.1.PU.M,0.637921571731567
UIS.AFR.TATTRR.1.PU.T,0.639642715454102
UIS.AFR.TRNTP.1.PU.F,0.642876863479614
UIS.AFR.TRNTP.1.PU.M,0.635479927062988
UIS.AFR.TRNTP.1.PU.T,0.638818264007568
UIS.AFR.TRNTP.2.PU.F,0.63100790977478
UIS.AFR.TRNTP.2.PU.M,0.625301837921143
UIS.AFR.TRNTP.2.PU.T,0.630022764205933
UIS.AFR.TRNTP.3.PU.F,0.624180316925049
UIS.AFR.TRNTP.3.PU.M,0.632827043533325
UIS.AFR.TRNTP.3.PU.T,0.697305679321289
UIS.AIR.1.GPI,0.633084297180176
UIS.AIR.2.GPV,0.636701345443726
UIS.AIR.2.GPV.F,0.632903575897217
UIS.AIR.2.GPV.M,0.635116577148438
UIS.AIRE.1.GLAST.GPI,0.628983974456787
UIS.AY.EM,2.76560640335083
UIS.AY.EY,0.731456756591797
UIS.AY.SM,2.71640944480896
UIS.AY.SY,2.52479529380798
UIS.CEAGEE.1,1.84270787239075
UIS.E.0.PR,0.639613389968872
UIS.E.1.G1,0.639963388442993
UIS.E.1.G1.F,0.632826805114746
UIS.E.1.G2,0.637951850891113
UIS.E.1.G2.F,0.683144807815552
UIS.E.1.G3,0.600969076156616
UIS.E.1.G3.F,0.598693609237671
UIS.E.1.G4,0.599816083908081
UIS.E.1.G4.F,0.599059343338013
UIS.E.1.G5,0.599502325057983
UIS.E.1.G5.F,0.591354846954346
UIS.E.1.G6,0.59428334236145
UIS.E.1.G6.F,0.597197294235229
UIS.E.1.PR,0.589937925338745
UIS.E.2,0.59436559677124
UIS.E.2.F,0.593200206756592
UIS.E.2.GPV,0.662949562072754
UIS.E.2.GPV.F,0.579328298568726
UIS.E.2.GPV.PU,0.582207441329956
UIS.E.2.GPV.PU.F,0.580935716629028
UIS.E.2.PU,0.583255767822266
UIS.E.2.PU.F,0.584613084793091
UIS.E.23.GPV.G1,0.574869394302368
UIS.E.23.GPV.G1.F,0.577605962753296
UIS.E.23.GPV.G2,0.575078248977661
UIS.E.23.GPV.G2.F,0.579109907150269
UIS.E.23.GPV.G3,0.569945573806763
UIS.E.23.GPV.G3.F,0.577373504638672
UIS.E.23.GPV.G4,0.651273012161255
UIS.E.23.GPV.G4.F,0.554018974304199
UIS.E.23.GPV.G5,0.559971570968628
UIS.E.23.GPV.G5.F,0.557842969894409
UIS.E.23.GPV.G6,0.560643672943115
UIS.E.23.GPV.G6.F,0.551119089126587
UIS.E.23.GPV.G7,0.554094552993774
UIS.E.23.GPV.G7.F,0.553470134735107
UIS.E.23.GPV.G8,0.531848192214966
UIS.E.23.GPV.G8.F,0.537659645080566
UIS.E.23.GPV.PU,0.551220893859863
UIS.E.23.GPV.PU.F,0.550162076950073
UIS.E.23.PR,0.544202089309692
UIS.E.23.PU,0.622455596923828
UIS.E.23.PU.F,0.526868104934692
UIS.E.23.V.PU,0.530658483505249
UIS.E.23.V.PU.F,0.530257225036621
UIS.E.3,0.53207540512085
UIS.E.3.F,0.538547277450562
UIS.E.3.GPV,0.52714729309082
UIS.E.3.GPV.F,0.531258583068848
UIS.E.3.GPV.PU,0.533512592315674
UIS.E.3.GPV.PU.F,0.57942533493042
UIS.E.3.PU,0.524878978729248
UIS.E.3.PU.F,0.525376319885254
UIS.E.3.V,0.527230262756348
UIS.E.3.V.F,0.528871536254883
UIS.E.3.V.PU,0.592166423797607
UIS.E.3.V.PU.F,0.511608839035034
UIS.E.5.A,0.510545253753662
UIS.E.5.A.F,0.511773824691772
UIS.E.5.B,0.496994972229004
UIS.E.5.B.F,0.49840521812439
UIS.E.56.F140,0.49588418006897
UIS.E.56.F140.F,0.494246244430542
UIS.E.56.F200,0.496182680130005
UIS.E.56.F200.F,0.496912717819214
UIS.E.56.F300,0.49802041053772
UIS.E.56.F300.F,0.499796867370605
UIS.E.56.F400,0.490360260009766
UIS.E.56.F400.F,0.490862607955933
UIS.E.56.F500,0.488961219787598
UIS.E.56.F500.F,0.56658935546875
UIS.E.56.F600,0.478429794311523
UIS.E.56.F600.F,0.471664667129517
UIS.E.56.F700,0.473731279373169
UIS.E.56.F700.F,0.472623586654663
UIS.E.56.F800,0.473258495330811
UIS.E.56.F800.F,0.472212314605713
UIS.E.56.FOREIGN,0.48095703125
UIS.E.6,0.479215621948242
UIS.E.6.F,0.478547096252441
UIS.ECDP.1,0.476448535919189
UIS.ECDP.1.F,0.478017330169678
UIS.ECDP.1.GPI,0.477891445159912
UIS.ECDP.1.M,0.479289770126343
UIS.FEP.5.A,0.469547271728516
UIS.FEP.5.B,0.465553522109985
UIS.FEP.56.FOREIGN,0.54122519493103
UIS.FEP.6,0.456479549407959
UIS.FOSEP.56.F140,0.446919441223145
UIS.FOSEP.56.F140.F,0.450005531311035
UIS.FOSEP.56.F200,0.449280977249146
UIS.FOSEP.56.F200.F,0.451126337051392
UIS.FOSEP.56.F300,0.46305775642395
UIS.FOSEP.56.F300.F,0.451608896255493
UIS.FOSEP.56.F400,0.440792798995972
UIS.FOSEP.56.F400.F,0.443650722503662
UIS.FOSEP.56.F500,0.437795877456665
UIS.FOSEP.56.F500.F,0.439640998840332
UIS.FOSEP.56.F600,0.437788963317871
UIS.FOSEP.56.F600.F,0.435203552246094
UIS.FOSEP.56.F700,0.440493583679199
UIS.FOSEP.56.F700.F,0.432353973388672
UIS.FOSEP.56.F800,0.433373212814331
UIS.FOSEP.56.F800.F,0.514900922775269
UIS.FOSEP.56.FUK,0.416533470153809
UIS.FOSEP.56.FUK.F,0.419691324234009
UIS.FTP.2,0.427041530609131
UIS.FTP.3,0.427346467971802
UIS.GAP.1,2.03179979324341
UIS.GAP.1.F,1.9225766658783
UIS.GAP.1.M,1.8194465637207
UIS.GER.0.GPI,0.456847190856934
UIS.GER.123,0.444740295410156
UIS.GER.123.F,0.440632820129395
UIS.GER.123.M,0.503867626190186
UIS.GER.2.GPI,0.414740562438965
UIS.GER.3.GPI,0.417782783508301
UIS.GGR.1.GPI,0.409970045089722
UIS.GGR.2,0.405400276184082
UIS.GGR.2.F,0.410724878311157
UIS.GGR.2.GPV,0.422781944274902
UIS.GGR.2.GPV.F,0.410154581069946
UIS.GGR.2.GPV.M,0.413815975189209
UIS.GGR.2.M,0.403939008712769
UIS.GGR.5.A.GPI,0.392003536224365
UIS.GOER.56,0.395090103149414
UIS.GTVP.3.V,0.404637336730957
UIS.LP.AG15T24,0.402239322662354
UIS.LP.AG15T24.F,0.392503976821899
UIS.LP.AG15T24.M,0.397548675537109
UIS.LP.AG15T99,0.399837970733643
UIS.LP.AG15T99.F,0.396170854568481
UIS.LP.AG15T99.M,0.470419883728027
UIS.LP.AG65,0.382378101348877
UIS.LP.AG65.F,0.379549503326416
UIS.LP.AG65.M,0.391578435897827
UIS.LPP.AG15T24,0.374256372451782
UIS.LPP.AG15T99,0.392014026641846
UIS.LPP.AG65,0.38584566116333
UIS.LR.AG15T99.GPI,0.383921384811401
UIS.LR.AG65,0.384254693984985
UIS.LR.AG65.F,0.370544672012329
UIS.LR.AG65.GPI,0.367545604705811
UIS.LR.AG65.M,0.370618343353271
UIS.MSEP.56,0.359785795211792
UIS.NE.1.ECD,0.365193843841553
UIS.NE.1.ECD.F,0.371140480041504
UIS.NE.1.G1,0.363104581832886
UIS.NE.1.G1.F,0.371435165405273
UIS.NER.0.GPI,0.370734930038452
UIS.NER.1.GPI,0.369436979293823
UIS.NER.23.GPI,0.356268882751465
UIS.NERT.1.GPI,0.454490900039673
UIS.NIR.1.AGM1,0.346806764602661
UIS.NIR.1.AGM1.F,0.344420671463013
UIS.NIR.1.AGM1.M,0.346235990524292
UIS.NIR.1.AGP1,0.339483022689819
UIS.NIR.1.AGP1.F,0.345535755157471
UIS.NIR.1.AGP1.M,0.338559865951538
UIS.NIR.1.GPI,0.356405973434448
UIS.NIRA.1,0.355069160461426
UIS.NIRA.1.F,0.344787120819092
UIS.NIRA.1.GPI,0.356346130371094
UIS.NIRA.1.M,0.353495836257935
UIS.OAPP.1,1.03699588775635
UIS.OAPP.1.F,0.949818849563599
UIS.OAPP.1.M,0.815859079360962
UIS.OE.56.40510,0.344146490097046
UIS.OFSPPT.1,0.339550256729126
UIS.OFSPPT.1.F,0.332269668579102
UIS.OFSPPT.1.M,0.406891584396362
UIS.OFST.2,0.325409650802612
UIS.OFST.2.F,0.308822631835938
UIS.OFST.2.M,0.319404602050781
UIS.PRP.2.GPV,0.321753263473511
UIS.PRP.3.GPV,0.311599731445312
UIS.PRP.3.V,0.310894727706909
UIS.PTRHC.2,0.312549114227295
UIS.PTRHC.3,0.316833972930908
UIS.R.1,0.313612699508667
UIS.R.1.F,0.307523488998413
UIS.R.1.G1,0.312859535217285
UIS.R.1.G1.F,0.303129434585571
UIS.R.1.G2,0.301913976669312
UIS.R.1.G2.F,0.30630087852478
UIS.R.1.G3,0.297475337982178
UIS.R.1.G3.F,0.303887367248535
UIS.R.1.G4,0.303950071334839
UIS.R.1.G4.F,0.302822828292847
UIS.R.1.G5,0.298325300216675
UIS.R.1.G5.F,0.298438549041748
UIS.R.1.G6,0.288998365402222
UIS.R.1.G6.F,0.287377595901489
UIS.R.23.GPV,0.291934728622437
UIS.R.23.GPV.F,0.370887041091919
UIS.R.23.GPV.G1,0.284535646438599
UIS.R.23.GPV.G1.F,0.280513763427734
UIS.R.23.GPV.G2,0.27787709236145
UIS.R.23.GPV.G2.F,0.26948881149292
UIS.R.23.GPV.G3,0.272813081741333
UIS.R.23.GPV.G3.F,0.276082515716553
UIS.R.23.GPV.G4,0.268650054931641
UIS.R.23.GPV.G4.F,0.275837659835815
UIS.R.23.GPV.G5,0.276767730712891
UIS.R.23.GPV.G5.F,0.262386322021484
UIS.R.23.GPV.G6,0.265006065368652
UIS.R.23.GPV.G6.F,0.260970115661621
UIS.R.23.GPV.G7,0.265287160873413
UIS.R.23.GPV.G7.F,0.255523204803467
UIS.REPP.1.G1,0.257293701171875
UIS.REPP.1.G1.F,0.257211685180664
UIS.REPP.1.G1.M,0.253906726837158
UIS.REPP.1.G2,0.255470752716064
UIS.REPP.1.G2.F,0.253708600997925
UIS.REPP.1.G2.M,0.253731250762939
UIS.REPP.1.G3,0.248527765274048
UIS.REPP.1.G3.F,0.250551700592041
UIS.REPP.1.G3.M,0.2449791431427
UIS.REPP.1.G4,0.248289585113525
UIS.REPP.1.G4.F,0.245058536529541
UIS.REPP.1.G4.M,0.240140676498413
UIS.REPP.1.G5,0.247943639755249
UIS.REPP.1.G5.F,0.319535732269287
UIS.REPP.1.G5.M,0.23134708404541
UIS.REPP.1.G6,0.225500583648682
UIS.REPP.1.G6.F,0.231383562088013
UIS.REPP.1.G6.M,0.229371786117554
UIS.REPP.1.GPI,0.226059198379517
UIS.REPP.2.GPV,0.226446866989136
UIS.REPP.2.GPV.F,0.22057056427002
UIS.REPP.2.GPV.M,0.223936557769775
UIS.REPP.23.GPV.G1,0.21936297416687
UIS.REPP.23.GPV.G1.F,0.222365617752075
UIS.REPP.23.GPV.G1.M,0.225306749343872
UIS.REPP.23.GPV.G2,0.21786093711853
UIS.REPP.23.GPV.G2.F,0.214904546737671
UIS.REPP.23.GPV.G2.M,0.226841449737549
UIS.REPP.23.GPV.G3,0.214083433151245
UIS.REPP.23.GPV.G3.F,0.21309232711792
UIS.REPP.23.GPV.G3.M,0.20744514465332
UIS.REPP.23.GPV.G4,0.211919546127319
UIS.REPP.23.GPV.G4.F,0.208367347717285
UIS.REPP.23.GPV.G4.M,0.218029499053955
UIS.REPP.23.GPV.G5,0.205110549926758
UIS.REPP.23.GPV.G5.F,0.206090211868286
UIS.REPP.23.GPV.G5.M,0.198262929916382
UIS.REPP.23.GPV.G6,0.195651292800903
UIS.REPP.23.GPV.G6.F,0.196626424789429
UIS.REPP.23.GPV.G6.M,0.1903235912323
UIS.REPP.23.GPV.G7,0.1859290599823
UIS.REPP.23.GPV.G7.F,0.191477298736572
UIS.REPP.23.GPV.G7.M,0.185843467712402
UIS.REPP.23.GPV.G8,0.175495147705078
UIS.REPP.23.GPV.G8.F,0.179341077804565
UIS.REPP.23.GPV.G8.M,0.180166006088257
UIS.REPP.3.GPV,0.178683280944824
UIS.REPP.3.GPV.F,0.180785655975342
UIS.REPP.3.GPV.M,0.182325124740601
UIS.ROFSPPT.1,0.253902673721313
UIS.ROFSPPT.1.F,0.167161226272583
UIS.ROFSPPT.1.M,0.169346809387207
UIS.ROFST.1,0.16618824005127
UIS.ROFST.1.F,0.166393518447876
UIS.ROFST.1.M,0.159738540649414
UIS.ROFST.2,0.183305263519287
UIS.ROFST.2.F,0.167739868164062
UIS.ROFST.2.M,0.162108898162842
UIS.SAP.1.G1,1.03238558769226
UIS.SAP.1.G1.F,0.906386137008667
UIS.SAP.1.G1.M,0.781430244445801
UIS.SAP.4,0.527527570724487
UIS.SAP.4.F,0.408355712890625
UIS.SAP.4.M,0.280915975570679
UIS.SLE.0,0.153563976287842
UIS.SLE.0.F,0.155104160308838
UIS.SLE.0.M,0.144043207168579
UIS.SLE.123,0.154672861099243
UIS.SLE.123.F,0.152249097824097
UIS.SLE.123.GPI,0.151566743850708
UIS.SLE.123.M,0.142279386520386
UIS.SLE.56,0.137451171875
UIS.SLE.56.F,0.134440898895264
UIS.SLE.56.GPI,0.131289958953857
UIS.SLE.56.M,0.130981206893921
UIS.SLEN.12.F,0.132120132446289
UIS.SLEN.12.GPI,0.129386425018311
UIS.SLEN.12.M,0.137378215789795
UIS.SLEN.12.T,0.130040645599365
UIS.T.2,0.128014802932739
UIS.T.2.F,0.124477624893188
UIS.T.2.GPV,0.121366262435913
UIS.T.2.GPV.F,0.118995904922485
UIS.T.23.GPV,0.119600057601929
UIS.T.23.GPV.F,0.118761539459229
UIS.T.23.V,0.109288215637207
UIS.T.23.V.F,0.115081787109375
UIS.T.3,0.115444421768188
UIS.T.3.F,0.113178968429565
UIS.T.3.GPV,0.103656530380249
UIS.T.3.GPV.F,0.188908100128174
UIS.T.3.V,0.104955911636353
UIS.T.3.V.F,0.0955851078033447
UIS.T.5.A,0.0956127643585205
UIS.T.5.A.F,0.098710298538208
UIS.T.5.B,0.0935370922088623
UIS.T.5.B.F,0.0906805992126465
UIS.TE_100000.56,0.0893228054046631
UIS.TE_100000.56.F,0.0912942886352539
UIS.TE_100000.56.M,0.091994047164917
UIS.TEP.5.A,0.0865154266357422
UIS.TEP.5.B,0.0842337608337402
UIS.TEP.6,0.0826709270477295
UIS.TRTP.0,0.0826337337493896
UIS.TRTP.0.F,0.0813653469085693
UIS.TRTP.0.GPI,0.0746257305145264
UIS.TRTP.0.M,0.0742447376251221
UIS.TRTP.1.GPI,0.0734093189239502
UIS.TRTP.2,0.0720019340515137
UIS.TRTP.2.F,0.070936918258667
UIS.TRTP.2.GPI,0.0708682537078857
UIS.TRTP.2.M,0.0654637813568115
UIS.TRTP.23.GPI,0.0657365322113037
UIS.TRTP.3,0.0653955936431885
UIS.TRTP.3.F,0.0605859756469727
UIS.TRTP.3.GPI,0.0616457462310791
UIS.TRTP.3.M,0.0571067333221436
UIS.UAPP.1,0.0577840805053711
UIS.UAPP.1.F,0.0559580326080322
UIS.UAPP.1.M,0.0486624240875244
UIS.XCURP.0,0.0536775588989258
UIS.XCURP.2,0.0502359867095947
UIS.XCURP.3,0.0455868244171143
UIS.XCURP.4,0.0488791465759277
UIS.XCURP.UK,0.0484979152679443
UIS.XGDP.0.FSGOV.FDINSTADM.FFD,0.0395717620849609
UIS.XGDP.1.FSGOV.FDINSTADM.FFD,0.0434060096740723
UIS.XGDP.FSGOV.FDINSTADM.FFD,0.0446174144744873
UIS.XGNP.FSGOV.FNCUR.FFD,0.0345220565795898
UIS.XNATURCP.1.FDPUB.FNTS,0.0405693054199219
UIS.XNATURCP.23.FDPUB.FNTS,0.0316221714019775
UIS.XPUBP.0,0.0350122451782227
UIS.XPUBP.2,0.0295841693878174
UIS.XPUBP.3,0.0334281921386719
UIS.XPUBP.4,0.0256080627441406
UIS.XPUBP.UK,0.0332419872283936
UIS.XSPENDP.1234.FDPUB.FNCAP,0.0240774154663086
UIS.XSPENDP.1234.FDPUB.FNCUR,0.021237850189209
UIS.XSPENDP.1234.FDPUB.FNNONS,0.0252542495727539
UIS.XSPENDP.56.FDPUB.FNCAP,0.0176892280578613
UIS.XSPENDP.56.FDPUB.FNCUR,0.0178670883178711
UIS.XSPENDP.56.FDPUB.FNNONS,0.0166501998901367
UIS.XSPENDP.56.FDPUB.FNS,0.0192716121673584
UREA_EE_BULK,0.0121588706970215
VC.PKP.TOTL.UN,0.121659278869629
WHEAT_US_HRW,0.00946688652038574
WHEAT_US_SRW,0.00803208351135254
WOODPULP,0.00722146034240723
XGDP.234.FSGOV.FDINSTADM.FFD,0.00561141967773438
XGDP.56.FSGOV.FDINSTADM.FFD,0.00330781936645508
ZINC,0.00183010101318359
